Date,Close XLF,Close XLK,Close XLP,xlf monthly,xlk monthly,xlp monthly, xlf average 3 month,xlk average 3 month, xlp average 3 month,Sector Result  Monthly,sector result average 3 month
4/1/2022,34.509998,141.419998,77.639999,-9.942593946,-11.0174264,2.305969196,-3.948098583,-4.246822666,0.739759379,xlp monthly, xlp average 3 month
3/1/2022,38.32,158.929993,75.889999,-0.5192108,3.154401103,1.321758309,-0.625362829,-2.855744096,-0.521699504,xlk monthly, xlp average 3 month
2/1/2022,38.52,154.070007,74.900002,-1.382491004,-4.877442706,-1.408449369,0.504855338,-2.889747488,2.271934483,xlf monthly, xlp average 3 month
1/1/2022,39.060001,161.970001,75.970001,0.025613317,-6.844190684,-1.478407451,-0.938602384,0.219795682,2.292295267,xlf monthly, xlp average 3 month
12/1/2021,39.049999,173.869995,77.110001,2.871443701,3.052390925,9.702660269,1.477585906,5.226880457,3.952056951,xlp monthly,xlk average 3 month
11/1/2021,37.959999,168.720001,70.290001,-5.712864169,4.451186804,-1.347367018,-0.234772893,2.207655528,-0.859802177,xlk monthly,xlk average 3 month
10/1/2021,40.259998,161.529999,71.25,7.274178185,8.17706364,3.5008776,3.385471717,1.910368839,-0.061078393,xlk monthly, xlf average 3 month
9/1/2021,37.529999,149.320007,68.839996,-2.265632694,-6.00528386,-4.732917112,0.80629939,0.480448227,-0.494389373,xlf monthly, xlf average 3 month
8/1/2021,38.400002,158.860001,72.260002,5.14786966,3.559326736,1.048804334,0.420856667,4.7124625,0.68782669,xlf monthly,xlk average 3 month
7/1/2021,36.52,153.399994,71.510002,-0.463338797,3.887301804,2.200944659,0.295269755,3.215831033,0.927473097,xlk monthly,xlk average 3 month
6/1/2021,36.689999,147.660004,69.970001,-3.421960862,6.690758961,-1.186268922,2.613200176,3.649350994,0.813550655,xlk monthly,xlk average 3 month
5/1/2021,37.990002,138.399994,70.809998,4.771108923,-0.930567665,1.767743554,5.548961551,1.959816748,3.847203792,xlf monthly, xlf average 3 month
4/1/2021,36.259998,139.699997,69.580002,6.490452467,5.187861685,1.859177334,7.827330982,2.725035597,2.847076943,xlf monthly, xlf average 3 month
3/1/2021,34.049999,132.809998,68.309998,5.385323263,1.622156223,7.914690488,5.064571611,0.716301369,0.566861346,xlp monthly, xlf average 3 month
2/1/2021,32.310001,130.690002,63.299999,11.60621722,1.365088882,-1.232636994,5.182425427,1.941050947,-1.802354237,xlf monthly, xlf average 3 month
1/1/2021,28.950001,128.929993,64.089996,-1.797825645,-0.838340999,-4.981469458,6.929777207,5.280597628,1.098087964,xlk monthly, xlf average 3 month
12/1/2020,29.48,130.020004,67.449997,5.738884711,5.296404957,0.807043742,7.23823536,3.891950897,1.80173948,xlf monthly, xlf average 3 month
11/1/2020,27.879999,123.480003,66.910004,16.84827255,11.38372892,7.468689607,4.008435483,0.278376323,0.78046102,xlf monthly, xlf average 3 month
10/1/2020,23.860001,110.860001,62.259998,-0.872451184,-5.004281191,-2.87051491,-0.178888609,0.444077415,-0.178001196,xlf monthly,xlk average 3 month
9/1/2020,24.07,116.699997,64.099998,-3.950514922,-5.544318765,-2.256791636,1.393982671,4.007089994,3.086705496,xlp monthly,xlk average 3 month
8/1/2020,25.059999,123.550003,65.580002,4.286300279,11.8808322,4.593302957,2.326368465,8.073561372,3.506929867,xlk monthly,xlk average 3 month
7/1/2020,24.030001,110.43,62.700001,3.846162655,5.684756545,6.923605166,1.804430684,6.505435345,2.530813453,xlp monthly,xlk average 3 month
6/1/2020,23.139999,104.489998,58.639999,-1.15335754,6.655095369,-0.996118521,3.676396639,9.189339685,2.542262689,xlk monthly,xlk average 3 month
5/1/2020,23.41,97.970001,59.23,2.720486936,7.176454122,1.664953713,-3.172446574,3.953359335,0.850964334,xlk monthly,xlk average 3 month
4/1/2020,22.790001,91.410004,58.259998,9.462060519,13.73646956,6.957952874,-7.828718268,-0.872443165,-2.442227476,xlk monthly,xlk average 3 month
3/1/2020,20.82,80.370003,54.470001,-21.69988718,-9.052845681,-6.070013586,-11.8707631,-4.120404173,-4.65569139,xlp monthly,xlk average 3 month
2/1/2020,26.59,88.370003,57.990002,-11.24832815,-7.300953377,-8.214621716,-3.940948859,0.224341212,-2.105471808,xlk monthly,xlk average 3 month
1/1/2020,29.959999,95.330002,63.18,-2.664073988,3.992586539,0.317561131,1.492580905,4.446768126,1.090550996,xlk monthly,xlk average 3 month
12/1/2019,30.780001,91.669998,62.98,2.089555556,3.981390473,1.580645161,3.213940092,4.415628219,0.843593407,xlk monthly,xlk average 3 month
11/1/2019,30.15,88.160004,62,5.052261148,5.366327366,1.373446697,3.854717264,3.507627117,0.700987591,xlk monthly, xlf average 3 month
10/1/2019,28.700001,83.669998,61.16,2.500003571,3.899166819,-0.423311639,0.601308681,1.207110976,0.966712886,xlk monthly,xlk average 3 month
9/1/2019,28,80.529999,61.419998,4.011887073,1.257387165,1.152827715,0.552998312,1.073455663,1.888483776,xlf monthly, xlp average 3 month
8/1/2019,26.92,79.529999,60.720001,-4.707964602,-1.535221055,2.170622581,1.253380437,3.505906376,2.978762182,xlp monthly,xlk average 3 month
7/1/2019,28.25,80.769997,59.43,2.355072464,3.498200878,2.342001033,0.431552792,1.129407161,1.042261097,xlk monthly,xlk average 3 month
6/1/2019,27.6,78.040001,58.07,6.113033449,8.554739304,4.423662931,2.641473652,2.084961373,1.212106752,xlk monthly, xlf average 3 month
5/1/2019,26.01,71.889999,55.610001,-7.173447537,-8.664718697,-3.638880673,-0.414304969,0.710472092,0.823309404,xlp monthly, xlp average 3 month
4/1/2019,28.02,78.709999,57.709999,8.984835044,6.364863514,2.851537999,2.722152586,5.902072183,2.629390074,xlf monthly,xlk average 3 month
3/1/2019,25.709999,74,56.110001,-3.054302413,4.431271459,3.257270887,2.693903625,6.093024423,3.392150384,xlk monthly,xlk average 3 month
2/1/2019,26.52,70.860001,54.34,2.235925126,6.910081577,1.779361337,-0.181209162,1.691784282,-0.940436295,xlk monthly,xlk average 3 month
1/1/2019,25.940001,66.279999,53.389999,8.900088161,6.937720232,5.139818928,-0.051329849,-1.26573735,-0.776118671,xlf monthly, xlf average 3 month
12/1/2018,23.82,61.98,50.779999,-11.67964077,-8.772448962,-9.740489148,-4.589211544,-6.246569905,-1.821860897,xlk monthly, xlp average 3 month
11/1/2018,26.969999,67.940002,56.259998,2.625563066,-1.962483321,2.272314207,-1.578454713,-3.44146611,1.517940805,xlf monthly, xlp average 3 month
10/1/2018,26.280001,69.300003,55.009998,-4.713556925,-8.004777433,2.002592249,-2.00045339,-0.58764335,0.891172265,xlp monthly, xlp average 3 month
9/1/2018,27.58,75.330002,53.93,-2.647370279,-0.357137576,0.278915959,1.275635098,2.776358311,1.543261827,xlp monthly,xlk average 3 month
8/1/2018,28.33,75.599998,53.779999,1.359567035,6.598984958,0.392008587,1.434520604,2.690348858,2.70549121,xlk monthly, xlp average 3 month
7/1/2018,27.950001,70.919998,53.57,5.114708537,2.08722755,3.958860935,0.653461537,2.751611469,2.052852084,xlf monthly,xlk average 3 month
6/1/2018,26.59,69.470001,51.529999,-2.17071376,-0.615165934,3.765604108,-1.196525337,2.076250589,-0.647476289,xlp monthly,xlk average 3 month
5/1/2018,27.18,69.900002,49.66,-0.983610165,6.782772789,-1.56590879,-1.973936597,0.936628339,-2.389477259,xlk monthly,xlk average 3 month
4/1/2018,27.450001,65.459999,50.450001,-0.435252086,0.061144912,-4.142124185,-2.621183108,-1.460648012,-4.409880544,xlk monthly,xlk average 3 month
3/1/2018,27.57,65.419998,52.630001,-4.502947541,-4.034032684,-1.460398802,-0.290502519,0.864550716,-2.484260654,xlp monthly,xlk average 3 month
2/1/2018,28.870001,68.169998,53.41,-2.925349697,-0.409056263,-7.627118644,1.682863716,2.266664054,-1.497907075,xlk monthly,xlk average 3 month
1/1/2018,29.74,68.449997,57.82,6.556789681,7.036741094,1.634735483,3.810862487,2.874289102,2.90294449,xlk monthly, xlf average 3 month
12/1/2017,27.91,63.950001,56.889999,1.417151163,0.172307331,1.498661936,2.579118687,2.700171304,1.808446396,xlp monthly,xlk average 3 month
11/1/2017,27.52,63.84,56.049999,3.458646617,1.413818881,5.575436052,3.672186994,2.795716427,0.864123629,xlp monthly, xlf average 3 month
10/1/2017,26.6,62.950001,53.09,2.861558281,6.514387699,-1.6487588,2.001171402,3.298319137,-1.361914106,xlk monthly,xlk average 3 month
9/1/2017,25.860001,59.099998,53.98,4.696356085,0.458942701,-1.334306367,1.614809522,2.61321071,-0.581772684,xlf monthly,xlk average 3 month
8/1/2017,24.700001,58.830002,54.709999,-1.554400159,2.921627012,-1.102677151,2.085199787,1.39295106,-1.137474723,xlk monthly, xlf average 3 month
7/1/2017,25.09,57.16,55.32,1.702472639,4.459062419,0.691665466,2.206675023,1.736960617,0.112045787,xlk monthly, xlf average 3 month
6/1/2017,24.67,54.720001,54.939999,6.107526882,-3.20183625,-3.001412482,1.358247215,0.919649171,0.247923989,xlf monthly, xlf average 3 month
5/1/2017,23.25,56.529999,56.639999,-1.18997445,3.953655683,2.645884378,-1.777840892,2.598200151,0.933817672,xlk monthly,xlk average 3 month
4/1/2017,23.530001,54.380001,55.18,-0.842810788,2.007128081,1.09930007,0.377721953,2.791228068,1.642778441,xlk monthly,xlk average 3 month
3/1/2017,23.73,53.310001,54.580002,-3.300737437,1.833816689,-0.943731432,0.744678954,3.307738838,1.843611904,xlk monthly,xlk average 3 month
2/1/2017,24.540001,52.349998,55.099998,5.276714083,4.532739436,4.772766686,2.940734036,3.299976082,2.902881914,xlf monthly,xlk average 3 month
1/1/2017,23.309999,50.080002,52.59,0.258060215,3.55666039,1.701800458,5.859303168,1.845299408,-0.089553598,xlk monthly, xlf average 3 month
12/1/2016,23.25,48.360001,51.709999,3.28742781,1.810528421,2.234078599,6.533215778,0.408594132,-0.913664374,xlf monthly, xlf average 3 month
11/1/2016,22.51,47.5,50.580002,14.03242148,0.168709412,-4.204539852,4.349319841,0.365485429,-2.375533885,xlf monthly, xlf average 3 month
10/1/2016,19.74,47.419998,52.799999,2.279798046,-0.753455436,-0.770531869,0.954440426,0.696763123,-1.169023645,xlf monthly, xlf average 3 month
9/1/2016,19.299999,47.779999,53.209999,-3.264260002,1.681202312,-2.151529935,1.346445823,3.315144257,-1.184165777,xlk monthly,xlk average 3 month
8/1/2016,19.95126,46.990002,54.380001,3.847783234,1.162542494,-0.58500913,1.185408811,2.136202325,1.109161014,xlf monthly,xlk average 3 month
7/1/2016,19.212023,46.450001,54.700001,3.455814237,7.101687966,-0.815958266,0.532016807,3.37856232,1.533610205,xlk monthly,xlk average 3 month
6/1/2016,18.570269,43.369999,55.150002,-3.747371038,-1.855623486,4.728450437,0.580081295,-0.664350763,1.328148131,xlp monthly, xlp average 3 month
5/1/2016,19.293259,44.189999,52.66,1.887607221,4.889622481,0.688338445,4.057744786,2.712306026,1.15289029,xlk monthly, xlf average 3 month
4/1/2016,18.935825,42.130001,52.299999,3.600007703,-5.027051284,-1.432344489,2.461693534,0.864196344,1.028513754,xlf monthly, xlf average 3 month
3/1/2016,18.277822,44.360001,53.060001,6.685619435,8.274346881,4.202676913,-1.689771338,1.302429778,1.684212389,xlk monthly, xlp average 3 month
2/1/2016,17.132414,40.970001,50.919998,-2.900546537,-0.654706564,0.315208838,-4.909082325,-2.312523145,1.005027924,xlp monthly, xlp average 3 month
1/1/2016,17.644192,41.240002,50.759998,-8.854386911,-3.712350982,0.534751415,-3.277781488,-1.857558348,0.592551875,xlp monthly, xlp average 3 month
12/1/2015,19.358246,42.830002,50.490002,-2.972313528,-2.570511887,2.165123519,1.762530945,2.882003372,2.314422939,xlp monthly,xlk average 3 month
11/1/2015,19.95126,43.959999,49.419998,1.993355974,0.710187825,-0.922219308,1.657841704,3.133985253,1.50816497,xlf monthly,xlk average 3 month
10/1/2015,19.561333,43.650002,49.880001,6.26655039,10.50633418,5.700364605,-1.360172388,1.05758016,-0.17210496,xlk monthly,xlk average 3 month
9/1/2015,18.407799,39.5,47.189999,-3.286381252,-1.814566244,-0.253650386,-2.314215246,-1.494450763,-0.174465211,xlp monthly, xlp average 3 month
8/1/2015,19.033306,40.23,47.310001,-7.060686301,-5.519027453,-5.9630291,-1.516856992,-2.403696528,-0.902925246,xlk monthly, xlp average 3 month
7/1/2015,20.479284,42.580002,50.310001,3.404421815,2.850241408,5.693283853,1.485965343,0.054420626,1.374188106,xlp monthly, xlf average 3 month
6/1/2015,19.805037,41.400002,47.599998,-0.89430649,-4.54230354,-2.439030489,0.378809194,0.021331008,-0.776618579,xlf monthly, xlf average 3 month
5/1/2015,19.983753,43.369999,48.790001,1.947780705,1.855324009,0.868310954,0.34837001,0.259033179,-0.810103151,xlf monthly, xlf average 3 month
4/1/2015,19.60195,42.580002,48.369999,0.082953367,2.750972557,-0.759136202,1.640294973,2.305585861,0.28182735,xlk monthly,xlk average 3 month
3/1/2015,19.585703,41.439999,48.740002,-0.985624043,-3.829197029,-2.539484205,-0.705726353,0.219714662,0.211780718,xlf monthly,xlk average 3 month
2/1/2015,19.780666,43.09,50.009998,5.823555595,7.994982055,4.144102457,0.073633441,0.601782499,0.510610127,xlk monthly,xlk average 3 month
1/1/2015,18.69212,39.900002,48.02,-6.955110609,-3.50664104,-0.969276099,-1.084555213,-0.459856026,0.977526417,xlp monthly, xlp average 3 month
12/1/2014,20.089357,41.349998,48.490002,1.352455338,-2.682993519,-1.642995977,2.197705161,1.243693467,2.482912077,xlf monthly, xlp average 3 month
11/1/2014,19.821283,42.490002,49.299999,2.348989632,4.810066482,5.544851328,1.475768101,1.823561706,3.015805263,xlp monthly, xlp average 3 month
10/1/2014,19.366369,40.540001,46.709999,2.891670513,1.604007438,3.546880879,2.105830622,1.314222451,2.705152492,xlp monthly, xlp average 3 month
9/1/2014,18.822096,39.900002,45.110001,-0.813355844,-0.943388802,-0.044316418,0.658212658,1.344526825,0.41722609,xlp monthly,xlk average 3 month
8/1/2014,18.976442,40.279999,45.130001,4.239177198,3.282048718,4.612893014,1.602279814,2.126112974,0.121161942,xlp monthly,xlk average 3 month
7/1/2014,18.204712,39,43.139999,-1.451183379,1.694920558,-3.316898326,0.690130124,2.284953582,-0.813697088,xlk monthly,xlk average 3 month
6/1/2014,18.472786,38.349998,44.619999,2.018845622,1.401369646,-0.93250886,0.606865008,1.811683873,1.205390535,xlf monthly,xlk average 3 month
5/1/2014,18.107229,37.82,45.040001,1.502728128,3.758570542,1.808315922,0.917016501,1.344560658,2.075064314,xlk monthly, xlp average 3 month
4/1/2014,17.839155,36.450001,44.240002,-1.700978728,0.275111432,2.740364544,1.429086869,1.55637737,2.77258681,xlp monthly, xlp average 3 month
3/1/2014,18.147846,36.349998,43.060001,2.949300103,0,1.676512476,0.776197726,0.60662287,0.137399373,xlf monthly, xlf average 3 month
2/1/2014,17.627945,36.349998,42.349998,3.038939231,4.394020678,3.90088341,0.382791402,1.615562075,-0.444686977,xlk monthly,xlk average 3 month
1/1/2014,17.108042,34.82,40.759998,-3.659646156,-2.574152066,-5.165197766,0.844452389,1.18109846,-1.225500903,xlk monthly,xlk average 3 month
12/1/2013,17.757919,35.740002,42.98,1.769081131,3.026817614,-0.069746574,3.169308001,3.714139733,2.631909294,xlk monthly,xlk average 3 month
11/1/2013,17.449228,34.689999,43.009998,4.423922191,3.090629831,1.558441632,3.385509801,3.38460711,2.899822806,xlf monthly, xlf average 3 month
10/1/2013,16.709991,33.650002,42.349998,3.31492068,5.024971753,6.407032824,0.202718885,2.007722095,0.866288106,xlp monthly,xlk average 3 month
9/1/2013,16.173841,32.040001,39.799999,2.417686532,2.038219745,0.733993963,0.880094139,1.574967536,0.175868113,xlf monthly,xlk average 3 month
8/1/2013,15.792039,31.4,39.509998,-5.124450556,-1.040025213,-4.542162468,-0.581044143,-0.230992005,-0.385068709,xlk monthly,xlk average 3 month
7/1/2013,16.645004,31.73,41.389999,5.347046442,3.726708075,4.335772843,3.159190773,1.04642011,0.404347748,xlf monthly, xlf average 3 month
6/1/2013,15.800162,30.59,39.669998,-1.965728315,-3.379658876,-0.948816503,2.273786481,0.387819147,-0.060272032,xlp monthly, xlf average 3 month
5/1/2013,16.116978,31.66,40.049999,6.096254192,2.79221113,-2.173913097,4.103937904,2.234364255,1.726202288,xlf monthly, xlf average 3 month
4/1/2013,15.190902,30.799999,40.939999,2.690833565,1.750905187,2.941913503,2.474614929,1.564397053,3.553815336,xlp monthly, xlp average 3 month
3/1/2013,14.792851,30.27,39.77,3.524725954,2.159976448,4.410606458,3.591092638,1.616232817,4.454740908,xlp monthly, xlp average 3 month
2/1/2013,14.289196,29.629999,38.09,1.208285267,0.782309524,3.308926046,3.748671138,0.575839009,1.930155692,xlp monthly, xlf average 3 month
1/1/2013,14.118603,29.4,36.869999,6.040266692,1.906412478,5.644690221,3.052410073,0.61526313,1.43940792,xlf monthly, xlf average 3 month
12/1/2012,13.314379,28.85,34.900002,3.997461453,-0.961204976,-3.163149191,1.701806483,-2.139354631,-0.851498659,xlf monthly, xlf average 3 month
11/1/2012,12.8026,29.129999,36.040001,-0.880497925,0.900581888,1.836682731,1.314788495,-1.447246402,0.550696974,xlp monthly, xlf average 3 month
10/1/2012,12.916328,28.870001,35.389999,1.98845592,-6.357440804,-1.228029516,2.745168651,-0.346210016,-0.220574476,xlf monthly, xlf average 3 month
9/1/2012,12.6645,30.83,35.830002,2.836407491,1.115119711,1.043437706,2.127887481,2.387857443,1.01323519,xlf monthly,xlk average 3 month
8/1/2012,12.315191,30.49,35.459999,3.410642541,4.203691046,-0.477131617,2.681347541,2.970918745,1.642333051,xlk monthly,xlk average 3 month
7/1/2012,11.909017,29.26,35.630001,0.136612412,1.844761573,2.473399482,-1.523151212,-0.54298766,1.411284277,xlp monthly, xlp average 3 month
6/1/2012,11.89277,28.73,34.77,4.49678767,2.864303616,2.930731289,-2.349277755,-1.533681836,0.684624898,xlf monthly, xlp average 3 month
5/1/2012,11.380991,27.93,33.779999,-9.202853718,-6.338028169,-1.17027794,-1.499518504,-1.095244229,0.560359668,xlp monthly, xlp average 3 month
4/1/2012,12.534525,29.82,34.18,-2.341767216,-1.127320955,0.293421344,3.227655569,3.385171288,2.199282617,xlp monthly,xlk average 3 month
3/1/2012,12.835093,30.16,34.080002,7.04606542,4.179616436,2.5579356,6.726191611,5.830362016,1.629532369,xlf monthly, xlf average 3 month
2/1/2012,11.990252,28.950001,33.23,4.978668503,7.103218383,3.746490907,4.87190835,4.215975177,1.393399186,xlk monthly, xlf average 3 month
1/1/2012,11.421608,27.030001,32.029999,8.153840909,6.20825123,-1.415829399,1.508648222,1.348429232,1.068107299,xlf monthly, xlf average 3 month
12/1/2011,10.56052,25.450001,32.490002,1.483215637,-0.66354408,1.84953605,3.560671717,2.682966957,3.090961873,xlp monthly, xlf average 3 month
11/1/2011,10.406174,25.620001,31.9,-5.111111881,-1.499419454,2.770615246,-0.845044331,1.758484153,1.147160507,xlp monthly,xlk average 3 month
10/1/2011,10.966694,26.01,31.040001,14.3099114,10.21186441,4.652734322,-2.339539295,0.488953103,0.288492889,xlf monthly,xlk average 3 month
9/1/2011,9.593826,23.6,29.66,-11.73393251,-3.436992494,-3.981868047,-8.303863114,-2.772332444,-1.68935846,xlk monthly, xlp average 3 month
8/1/2011,10.869212,24.440001,30.889999,-9.594596775,-5.308012604,0.194612391,-5.423696139,-2.584085801,-1.476276237,xlp monthly, xlp average 3 month
7/1/2011,12.022746,25.809999,30.83,-3.583060061,0.428007765,-1.280819725,-3.324398946,-1.163789653,-0.705697583,xlk monthly, xlp average 3 month
6/1/2011,12.469537,25.700001,31.23,-3.093431581,-2.872252565,-3.342621376,-2.150384506,-0.436669926,1.503773519,xlk monthly, xlp average 3 month
5/1/2011,12.867587,26.459999,32.310001,-3.296705196,-1.047124159,2.50634835,-2.02922851,-0.106762468,2.84229761,xlp monthly, xlp average 3 month
4/1/2011,13.306255,26.74,31.52,-0.06101674,2.609366946,5.347593583,-0.015693776,0.97332804,2.97637728,xlp monthly, xlp average 3 month
3/1/2011,13.314379,26.059999,29.92,-2.729963593,-1.882530191,0.672950897,0.9450828,1.162158838,0.704820708,xlp monthly,xlk average 3 month
2/1/2011,13.688058,26.559999,29.719999,2.743899006,2.193147364,2.908587358,5.289832945,3.515486506,1.645756802,xlp monthly, xlf average 3 month
1/1/2011,13.322502,25.99,28.879999,2.821312985,3.175859342,-1.467076133,4.146264374,2.236868596,0.154851249,xlk monthly, xlf average 3 month
12/1/2010,12.956946,25.190001,29.309999,10.30428684,5.177452811,3.495759181,3.693631562,3.104110385,1.70796203,xlf monthly, xlf average 3 month
11/1/2010,11.746548,23.950001,28.32,-0.686806706,-1.642706366,-1.564129301,2.200853415,5.132117314,2.305044066,xlf monthly,xlk average 3 month
10/1/2010,11.827782,24.35,28.77,1.46341455,5.777584709,3.192256212,-0.176145781,3.809249667,2.208678963,xlk monthly,xlk average 3 month
9/1/2010,11.657189,23.02,27.879999,5.825952402,11.2614736,5.287005287,1.50838544,4.367048228,3.079234082,xlk monthly,xlk average 3 month
8/1/2010,11.015435,20.690001,26.48,-7.817804294,-5.611309307,-1.853224611,-2.409074178,-1.296817983,0.241630169,xlp monthly, xlp average 3 month
7/1/2010,11.949634,21.92,26.98,6.517008212,7.450980392,5.803921569,-2.85594568,-1.920324934,-0.684842369,xlk monthly, xlp average 3 month
6/1/2010,11.218522,20.4,25.5,-5.926426451,-5.730125034,-3.225806452,-4.589410327,-3.98551609,-2.977522037,xlp monthly, xlp average 3 month
5/1/2010,11.925264,21.639999,26.35,-9.158418802,-7.481830162,-4.632642223,0.269808443,0.091421139,-0.792376581,xlp monthly, xlf average 3 month
4/1/2010,13.127539,23.389999,27.629999,1.31661427,1.255406926,-1.074117436,4.497979546,3.746309238,1.807817097,xlf monthly, xlf average 3 month
3/1/2010,12.956946,23.1,27.93,8.65122986,6.500686653,3.329629918,3.549847427,0.464050468,1.825851193,xlf monthly, xlf average 3 month
2/1/2010,11.925264,21.690001,27.030001,3.526094509,3.482834136,3.16793881,0.074927444,0.105584036,0.330111984,xlf monthly, xlp average 3 month
1/1/2010,11.51909,20.959999,26.200001,-1.527782088,-8.591369385,-1.02001515,0.346774684,0.788402779,0.500098311,xlp monthly,xlk average 3 month
12/1/2009,11.697807,22.93,26.469999,-1.773530091,5.425287356,-1.157587709,-1.12968414,3.236923468,1.324524695,xlk monthly,xlk average 3 month
11/1/2009,11.909017,21.75,26.780001,4.341636231,5.531290367,3.677897793,0.005709002,2.84374743,2.569907813,xlk monthly,xlk average 3 month
10/1/2009,11.413485,20.610001,25.83,-5.957158562,-1.245807319,1.453264001,2.888500944,1.541437415,1.751772224,xlp monthly, xlf average 3 month
9/1/2009,12.136474,20.870001,25.459999,1.632649336,4.245759241,2.578561644,7.830982835,4.684149468,3.485706697,xlk monthly, xlf average 3 month
8/1/2009,11.941511,20.02,24.82,12.99001206,1.624360324,1.223491028,6.523616833,4.32649601,2.438756803,xlf monthly, xlf average 3 month
7/1/2009,10.568643,19.700001,24.52,8.870287111,8.18232884,6.655067421,6.853442861,4.557989429,3.727897673,xlf monthly, xlf average 3 month
6/1/2009,9.707555,18.209999,22.99,-2.289448669,3.172798867,-0.562288038,11.16115486,5.308992918,2.931342814,xlk monthly, xlf average 3 month
5/1/2009,9.935012,17.65,23.120001,13.97949014,2.31884058,5.090913636,17.23132393,7.792469783,4.330296331,xlf monthly, xlf average 3 month
4/1/2009,8.716491,17.25,22,21.79342311,10.43533931,4.265402844,6.655184742,5.747951625,-0.060428079,xlf monthly, xlf average 3 month
3/1/2009,7.156783,15.62,21.1,15.92105856,10.62322946,3.634572513,-9.341982664,0.690443973,-3.884129499,xlf monthly,xlk average 3 month
2/1/2009,6.173842,14.12,20.360001,-17.74892744,-3.814713896,-8.081259594,-15.01761828,-2.500905739,-5.372622234,xlk monthly,xlk average 3 month
1/1/2009,7.506093,14.68,22.15,-26.19807911,-4.737183647,-7.205701416,-15.26142949,-4.032137243,-2.747969365,xlk monthly, xlp average 3 month
12/1/2008,10.170593,15.41,23.870001,-1.1058483,1.049180328,-0.830905692,-13.83558916,-7.826711627,-4.548966236,xlk monthly, xlp average 3 month
11/1/2008,10.284322,15.25,24.07,-18.48036107,-8.408408408,-0.207300986,-15.84792735,-12.42552265,-4.911655359,xlp monthly, xlp average 3 month
10/1/2008,12.61576,16.65,24.120001,-21.9205581,-16.1209068,-12.60869203,-10.0114278,-9.026150125,-3.942312937,xlp monthly, xlp average 3 month
9/1/2008,16.157595,19.85,27.6,-7.14286289,-12.74725275,-1.91897306,-0.450546844,-4.467297007,1.070553253,xlp monthly, xlp average 3 month
8/1/2008,17.400488,22.75,28.139999,-0.970862404,1.789709172,2.700726277,-4.127751463,-3.426628274,-0.325591096,xlp monthly, xlp average 3 month
7/1/2008,17.571079,22.35,27.4,6.762084762,-2.444347447,2.429906542,-6.121553408,-1.852328159,-0.213174961,xlf monthly, xlp average 3 month
6/1/2008,16.458164,22.91,26.75,-18.17447675,-9.625246548,-6.107406107,-6.043456213,1.045786168,-1.274401277,xlp monthly,xlk average 3 month
5/1/2008,20.113729,25.35,28.49,-6.952268239,6.512609517,3.037974684,-1.224167165,4.630424408,1.658319332,xlk monthly,xlk average 3 month
4/1/2008,21.616571,23.799999,27.65,6.996376346,6.249995536,-0.753772407,-2.693063494,0.882493637,0.559874343,xlf monthly,xlk average 3 month
3/1/2008,20.203087,22.4,27.860001,-3.716609602,1.128668172,2.69075572,-4.783225608,-5.4644041,-1.040717789,xlp monthly, xlp average 3 month
2/1/2008,20.982941,22.15,27.129999,-11.35895723,-4.731182796,-0.257360285,-5.77016004,-5.332883741,-2.382996631,xlp monthly, xlp average 3 month
1/1/2008,23.671812,23.25,27.200001,0.725890006,-12.79069767,-5.555548804,-4.68173817,-6.267559899,-1.382037981,xlf monthly, xlp average 3 month
12/1/2007,23.501219,26.66,28.799999,-6.6774129,1.523229246,-1.336080804,-5.496738234,-0.236596834,0.982082289,xlk monthly, xlp average 3 month
11/1/2007,25.182777,26.26,29.190001,-8.093691616,-7.535211268,2.745515663,-2.707972419,0.446133669,2.76573252,xlp monthly, xlp average 3 month
10/1/2007,27.400488,28.4,28.41,-1.719110185,5.30219152,1.536812009,0.851122186,3.597142799,2.636962175,xlk monthly,xlk average 3 month
9/1/2007,27.879772,26.969999,27.98,1.688884544,3.571420754,4.014869888,-1.597769183,1.764640157,1.1758338,xlp monthly,xlk average 3 month
8/1/2007,27.416735,26.040001,26.9,2.583592199,1.917816122,2.359204629,-3.67348355,0.509189314,-1.026699351,xlf monthly,xlk average 3 month
7/1/2007,26.726238,25.549999,26.280001,-9.065784293,-0.195316406,-2.846573118,-3.733095149,1.548868952,-1.36297924,xlk monthly,xlk average 3 month
6/1/2007,29.390739,25.6,27.049999,-4.538258555,-0.194931774,-2.592729564,0.579877696,3.186301465,0.52396477,xlk monthly,xlk average 3 month
5/1/2007,30.787977,25.65,27.77,2.404757401,5.036855037,1.350364964,1.795923591,3.583312793,1.909041292,xlk monthly,xlk average 3 month
4/1/2007,30.064987,24.42,27.4,3.873134243,4.716981132,2.814258912,-0.021485063,1.005358445,0.946099124,xlk monthly,xlk average 3 month
3/1/2007,28.943949,23.32,26.65,-0.890120871,0.996102209,1.5625,-1.004054971,0.106576829,0.684377011,xlp monthly, xlp average 3 month
2/1/2007,29.203899,23.09,26.24,-3.04746856,-2.697008007,-1.538461538,0.282935344,-0.593937966,0.827346854,xlp monthly, xlp average 3 month
1/1/2007,30.121853,23.73,26.65,0.925424519,2.020636285,2.029092572,1.533963854,1.252446967,1.056261056,xlp monthly, xlf average 3 month
12/1/2006,29.845654,23.26,26.120001,2.970850072,-1.105442177,1.991409528,2.005384256,1.897084872,0.970914751,xlf monthly, xlf average 3 month
11/1/2006,28.984566,23.52,25.610001,0.70561697,2.842146793,-0.851718931,2.160405308,3.539749901,0.124247155,xlk monthly,xlk average 3 month
10/1/2006,28.781479,22.870001,25.83,2.339685725,3.95455,1.773053655,2.318188097,4.932438462,1.696988087,xlk monthly,xlk average 3 month
9/1/2006,28.123478,22,25.379999,3.43591323,3.822552911,-0.54859326,5.234668615,2.745258572,1.629601157,xlk monthly, xlf average 3 month
8/1/2006,27.189278,21.190001,25.52,1.178965336,7.020212476,3.866503867,7.42733894,1.307915515,2.245187539,xlk monthly, xlf average 3 month
7/1/2006,26.872461,19.799999,24.57,11.08912728,-2.60698967,1.570892866,10.83561221,-3.198440589,1.026291369,xlf monthly, xlf average 3 month
6/1/2006,26.271324,20.33,24.190001,10.0139242,-0.48947626,1.298165884,#DIV/0!,#DIV/0!,#DIV/0!,xlf monthly,#DIV/0!
5/1/2006,26.547522,20.43,23.879999,11.40378514,-6.498855835,0.209815359,#DIV/0!,#DIV/0!,#DIV/0!,xlf monthly,#DIV/0!
4/1/2006,27.587326,21.85,23.83,#DIV/0!,#DIV/0!,#DIV/0!,#DIV/0!,#DIV/0!,#DIV/0!,#DIV/0!,#DIV/0!
