Reported Date,Bullish,Neutral,Bearish
2022-05-12,0.2432,26.64%,0.4903
2022-05-05,0.2687,20.26%,0.5286
2022-04-28,0.16440000000000002,24.20%,0.5936
2022-04-21,0.1887,37.26%,0.4387
2022-04-14,0.15839999999999999,35.75%,0.4842
2022-04-07,0.24710000000000001,33.91%,0.4138
2022-03-31,0.3188,40.58%,0.2754
2022-03-24,0.32799999999999996,31.75%,0.35450000000000004
2022-03-17,0.22469999999999998,27.75%,0.4978
2022-03-10,0.24,30.22%,0.4578
2022-03-03,0.3039,28.18%,0.4144
2022-02-24,0.2339,22.94%,0.5367000000000001
2022-02-17,0.1925,37.56%,0.43189999999999995
2022-02-10,0.24359999999999998,40.17%,0.3547
2022-02-03,0.26489999999999997,29.85%,0.4366
2022-01-27,0.2314,23.92%,0.5294
2022-01-20,0.2096,32.31%,0.4672
2022-01-13,0.2491,36.80%,0.3829
2022-01-06,0.3276,33.91%,0.3333
2021-12-30,0.3766,31.80%,0.3054
2021-12-23,0.2957,36.56%,0.3387
2021-12-16,0.25239999999999996,35.44%,0.3932
2021-12-09,0.29719999999999996,39.76%,0.30519999999999997
2021-12-02,0.2667,30.95%,0.4238
2021-11-24,0.3381,30.48%,0.35710000000000003
2021-11-18,0.3884,33.93%,0.2723
2021-11-11,0.48,28.00%,0.24
2021-11-04,0.415,32.50%,0.26
2021-10-27,0.3983,30.74%,0.2944
2021-10-21,0.4689,25.36%,0.2775
2021-10-14,0.3791,30.33%,0.3175
2021-10-07,0.2547,37.74%,0.3679
2021-09-30,0.2814,31.14%,0.4072
2021-09-23,0.299,30.93%,0.3918
2021-09-16,0.2245,38.27%,0.39289999999999997
2021-09-09,0.3889,33.89%,0.2722
2021-09-02,0.4343,23.23%,0.3333
2021-08-26,0.3956,27.47%,0.3297
2021-08-19,0.3317,31.73%,0.35100000000000003
2021-08-12,0.3697,31.51%,0.3151
2021-08-05,0.3607,32.24%,0.3169
2021-07-29,0.3616,39.73%,0.24109999999999998
2021-07-22,0.3065,38.71%,0.3065
2021-07-15,0.3617,37.02%,0.2681
2021-07-08,0.402,35.29%,0.2451
2021-07-01,0.4865,29.19%,0.2216
2021-06-24,0.4042,36.25%,0.23329999999999998
2021-06-17,0.41119999999999995,32.71%,0.26170000000000004
2021-06-10,0.4023,39.10%,0.20679999999999998
2021-06-03,0.4407,36.17%,0.19760000000000003
2021-05-27,0.3643,37.14%,0.2643
2021-05-20,0.3703,36.71%,0.2627
2021-05-13,0.3652,36.52%,0.2696
2021-05-06,0.44310000000000005,32.55%,0.2314
2021-04-29,0.4257,31.76%,0.2568
2021-04-22,0.5268,26.81%,0.205
2021-04-15,0.5382,21.59%,0.2458
2021-04-08,0.5690999999999999,22.70%,0.2039
2021-04-01,0.4583,30.95%,0.2321
2021-03-25,0.5095000000000001,28.48%,0.2057
2021-03-18,0.4894,27.46%,0.2359
2021-03-11,0.4941,27.06%,0.2353
2021-03-04,0.40259999999999996,34.42%,0.2532
2021-02-25,0.4593,30.29%,0.2378
2021-02-18,0.4706,27.55%,0.2539
2021-02-11,0.4545,28.28%,0.2626
2021-02-04,0.3735,27.06%,0.35590000000000005
2021-01-28,0.3766,24.03%,0.3831
2021-01-21,0.4255,22.98%,0.3447
2021-01-07,0.45189999999999997,23.08%,0.3173
2020-12-31,0.4608,27.12%,0.268
2020-12-24,0.4357,34.44%,0.21989999999999998
2020-12-17,0.4343,30.28%,0.26289999999999997
2020-12-10,0.4806,25.09%,0.2686
2020-12-03,0.4907,28.25%,0.2268
2020-11-27,0.4725,25.27%,0.2747
2020-11-19,0.4435,29.29%,0.2636
2020-11-12,0.5584,19.29%,0.2487
2020-11-05,0.3796,30.56%,0.3148
2020-10-29,0.3529,29.41%,0.3529
2020-10-22,0.3575,31.22%,0.33030000000000004
2020-10-15,0.3478,29.47%,0.3575
2020-10-08,0.34740000000000004,26.29%,0.3897
2020-10-01,0.26239999999999997,30.69%,0.4307
2020-09-24,0.2489,29.11%,0.45990000000000003
2020-09-17,0.32020000000000004,27.59%,0.4039
2020-09-10,0.2371,27.84%,0.48450000000000004
2020-09-03,0.308,27.43%,0.4177
2020-08-27,0.3208,28.30%,0.3962
2020-08-20,0.3039,27.21%,0.424
2020-08-13,0.3004,27.84%,0.42119999999999996
2020-08-06,0.2329,29.11%,0.47600000000000003
2020-07-30,0.2023,31.30%,0.48469999999999996
2020-07-23,0.2606,27.11%,0.4683
2020-07-16,0.3084,23.79%,0.4537
2020-07-09,0.2716,30.17%,0.4267
2020-07-02,0.22149999999999997,31.96%,0.45890000000000003
2020-06-25,0.2414,26.96%,0.489
2020-06-18,0.2437,27.85%,0.4778
2020-06-11,0.3428,27.67%,0.38049999999999995
2020-06-04,0.3455,26.58%,0.3887
2020-05-28,0.3307,24.80%,0.4213
2020-05-21,0.29,25.97%,0.45020000000000004
2020-05-14,0.23309999999999997,26.07%,0.5061
2020-05-07,0.23670000000000002,23.67%,0.5266
2020-04-30,0.306,25.37%,0.4403
2020-04-23,0.2486,25.14%,0.5
2020-04-16,0.3486,22.39%,0.4275
2020-04-09,0.366,18.73%,0.44670000000000004
2020-04-02,0.34240000000000004,16.03%,0.49729999999999996
2020-03-26,0.32899999999999996,15.03%,0.5207
2020-03-19,0.3435,14.50%,0.5115
2020-03-12,0.2974,18.95%,0.5131
2020-03-05,0.3874,21.62%,0.39640000000000003
2020-02-27,0.3043,30.43%,0.39130000000000004
2020-02-20,0.4056,30.77%,0.2867
2020-02-13,0.4133,32.27%,0.264
2020-02-06,0.3387,30.91%,0.3522
2020-01-30,0.31980000000000003,31.17%,0.3686
2020-01-23,0.456,29.63%,0.2477
2020-01-16,0.4183,30.66%,0.2751
2020-01-09,0.3307,37.04%,0.2989
2020-01-02,0.3722,40.91%,0.2188
2019-12-26,0.4189,36.58%,0.21530000000000002
2019-12-19,0.4409,35.43%,0.2047
2019-12-12,0.3763,36.32%,0.2605
2019-12-05,0.3172,39.16%,0.2913
2019-11-29,0.33640000000000003,36.09%,0.3028
2019-11-21,0.34240000000000004,36.72%,0.2903
2019-11-14,0.4072,34.46%,0.2482
2019-11-07,0.40299999999999997,35.77%,0.23929999999999998
2019-10-31,0.3398,37.59%,0.2843
2019-10-24,0.35600000000000004,36.13%,0.2827
2019-10-17,0.3362,35.33%,0.3105
2019-10-10,0.20309999999999997,35.73%,0.4396
2019-10-03,0.2137,39.19%,0.3944
2019-09-26,0.2937,37.37%,0.3326
2019-09-19,0.35340000000000005,36.84%,0.2782
2019-09-12,0.33130000000000004,35.63%,0.3125
2019-09-05,0.2864,31.85%,0.3951
2019-08-29,0.2613,31.66%,0.42210000000000003
2019-08-22,0.2664,33.64%,0.3972
2019-08-15,0.2318,31.97%,0.4485
2019-08-08,0.21660000000000001,30.15%,0.48200000000000004
2019-08-01,0.38439999999999996,37.50%,0.24059999999999998
2019-07-25,0.31739999999999996,36.24%,0.32020000000000004
2019-07-18,0.3593,35.43%,0.2864
2019-07-11,0.3361,38.89%,0.275
2019-07-03,0.33159999999999995,34.49%,0.3235
2019-06-27,0.2959,38.36%,0.32049999999999995
2019-06-20,0.29510000000000003,38.36%,0.32130000000000003
2019-06-13,0.26839999999999997,38.96%,0.342
2019-06-06,0.2253,34.89%,0.42579999999999996
2019-05-30,0.24789999999999998,35.12%,0.4008
2019-05-23,0.24710000000000001,39.22%,0.3608
2019-05-16,0.2982,30.88%,0.39299999999999996
2019-05-09,0.43119999999999997,33.70%,0.23190000000000002
2019-05-02,0.39020000000000005,39.63%,0.2134
2019-04-25,0.33520000000000005,46.31%,0.20170000000000002
2019-04-18,0.37560000000000004,40.61%,0.2183
2019-04-11,0.4029,39.33%,0.20379999999999998
2019-04-04,0.3502,36.71%,0.2827
2019-03-28,0.332,39.60%,0.272
2019-03-21,0.373,39.29%,0.2341
2019-03-14,0.32420000000000004,36.52%,0.3106
2019-03-07,0.3739,35.87%,0.2675
2019-02-28,0.4163,38.37%,0.2
2019-02-21,0.3932,35.29%,0.2539
2019-02-14,0.35100000000000003,39.82%,0.2507
2019-02-07,0.3987,37.34%,0.2278
2019-01-31,0.3176,36.49%,0.3176
2019-01-24,0.3766,30.03%,0.3232
2019-01-17,0.3353,30.21%,0.3625
2019-01-10,0.3846,32.17%,0.2937
2019-01-03,0.33020000000000005,24.21%,0.4277
2018-12-27,0.3155,18.15%,0.503
2018-12-20,0.2486,27.84%,0.473
2018-12-13,0.209,30.23%,0.48869999999999997
2018-12-06,0.37939999999999996,31.56%,0.305
2018-11-29,0.33880000000000005,26.64%,0.3947
2018-11-22,0.2525,27.61%,0.4714
2018-11-15,0.35090000000000005,28.95%,0.35960000000000003
2018-11-08,0.4128,27.52%,0.3119
2018-11-01,0.37929999999999997,27.59%,0.3448
2018-10-25,0.2797,31.03%,0.41
2018-10-18,0.3394,31.05%,0.3502
2018-10-11,0.3061,33.94%,0.35450000000000004
2018-10-04,0.45659999999999995,29.22%,0.2511
2018-09-27,0.36219999999999997,32.68%,0.311
2018-09-20,0.3204,35.92%,0.3204
2018-09-13,0.3209,35.07%,0.3284
2018-09-06,0.42219999999999996,31.48%,0.263
2018-08-30,0.435,32.11%,0.2439
2018-08-23,0.3846,34.47%,0.2707
2018-08-16,0.3617,34.75%,0.2908
2018-08-09,0.3636,32.60%,0.3103
2018-08-02,0.29109999999999997,38.81%,0.3208
2018-07-26,0.3152,41.58%,0.26899999999999996
2018-07-19,0.34659999999999996,40.40%,0.2494
2018-07-12,0.4305,27.80%,0.2915
2018-07-05,0.2786,32.87%,0.39280000000000004
2018-06-28,0.2845,30.75%,0.408
2018-06-21,0.3872,35.10%,0.2618
2018-06-14,0.44780000000000003,33.52%,0.217
2018-06-07,0.3893,34.35%,0.2672
2018-05-31,0.3502,38.63%,0.2635
2018-05-24,0.3856,36.27%,0.2516
2018-05-17,0.3668,42.74%,0.20579999999999998
2018-05-10,0.33509999999999995,40.96%,0.2553
2018-05-03,0.284,41.36%,0.3025
2018-04-26,0.3691,37.54%,0.2555
2018-04-19,0.3778,33.00%,0.2922
2018-04-12,0.2609,31.16%,0.4275
2018-04-05,0.319,31.47%,0.3664
2018-03-29,0.3194,32.73%,0.3533
2018-03-22,0.3323,38.28%,0.2849
2018-03-15,0.36840000000000006,41.83%,0.2133
2018-03-08,0.264,45.21%,0.2838
2018-03-01,0.3728,39.31%,0.2341
2018-02-22,0.4465,32.56%,0.2279
2018-02-15,0.4852,30.07%,0.2141
2018-02-08,0.3703,27.96%,0.35009999999999997
2018-02-01,0.44770000000000004,26.47%,0.2876
2018-01-25,0.4545,30.52%,0.2403
2018-01-18,0.5411,24.50%,0.2139
2018-01-11,0.4867,26.25%,0.2507
2018-01-04,0.5975,24.69%,0.15560000000000002
2017-12-28,0.5265,26.72%,0.20629999999999998
2017-12-21,0.505,23.88%,0.2562
2017-12-14,0.45,26.88%,0.2813
2017-12-07,0.3688,28.90%,0.3422
2017-11-30,0.35950000000000004,32.43%,0.31620000000000004
2017-11-23,0.3549,35.49%,0.2901
2017-11-16,0.29350000000000004,35.43%,0.3522
2017-11-09,0.451,31.82%,0.23079999999999998
2017-11-02,0.45049999999999996,26.37%,0.2857
2017-10-26,0.39640000000000003,27.33%,0.33030000000000004
2017-10-19,0.37929999999999997,34.14%,0.2793
2017-10-12,0.39770000000000005,33.33%,0.26899999999999996
2017-10-05,0.35600000000000004,31.60%,0.32799999999999996
2017-09-28,0.3333,37.93%,0.2874
2017-09-21,0.4014,32.65%,0.2721
2017-09-14,0.4129,36.74%,0.21969999999999998
2017-09-07,0.2928,34.98%,0.3574
2017-08-31,0.25,35.11%,0.39890000000000003
2017-08-24,0.281,33.61%,0.3829
2017-08-17,0.3417,33.03%,0.32799999999999996
2017-08-10,0.3367,34.00%,0.3233
2017-08-03,0.3611,31.79%,0.321
2017-07-27,0.3446,41.22%,0.2432
2017-07-20,0.35479999999999995,38.71%,0.2581
2017-07-13,0.2824,42.13%,0.2963
2017-07-06,0.2958,40.56%,0.2986
2017-06-29,0.29710000000000003,43.43%,0.2686
2017-06-22,0.3265,38.44%,0.2891
2017-06-15,0.32270000000000004,38.25%,0.2948
2017-06-08,0.3543,35.04%,0.2953
2017-06-01,0.2692,41.54%,0.3154
2017-05-25,0.3286,37.14%,0.3
2017-05-18,0.23850000000000002,41.90%,0.3425
2017-05-11,0.3273,37.05%,0.30219999999999997
2017-05-04,0.3807,31.98%,0.2995
2017-04-27,0.38049999999999995,30.24%,0.3171
2017-04-20,0.2571,35.59%,0.387
2017-04-13,0.2897,33.64%,0.3738
2017-04-06,0.28300000000000003,32.08%,0.3962
2017-03-30,0.30219999999999997,32.40%,0.3738
2017-03-23,0.3528,34.22%,0.305
2017-03-16,0.31170000000000003,30.13%,0.387
2017-03-09,0.3,23.50%,0.465
2017-03-02,0.3791,26.47%,0.35619999999999996
2017-02-23,0.3846,29.23%,0.3231
2017-02-16,0.3309,34.55%,0.3236
2017-02-09,0.358,36.54%,0.27649999999999997
2017-02-02,0.32799999999999996,33.03%,0.3417
2017-01-26,0.31579999999999997,34.93%,0.33490000000000003
2017-01-19,0.3701,30.32%,0.3268
2017-01-12,0.4364,29.39%,0.2697
2017-01-05,0.462,28.57%,0.2523
2016-12-29,0.4557,28.69%,0.25739999999999996
2016-12-22,0.4461,26.24%,0.2915
2016-12-15,0.44659999999999994,23.01%,0.3233
2016-12-08,0.43119999999999997,30.39%,0.26489999999999997
2016-12-01,0.4378,31.12%,0.251
2016-11-24,0.4989,28.03%,0.2208
2016-11-17,0.46649999999999997,26.77%,0.2657
2016-11-10,0.3889,31.78%,0.2933
2016-11-03,0.2364,42.05%,0.3432
2016-10-27,0.2475,41.18%,0.3407
2016-10-20,0.23739999999999997,38.45%,0.3782
2016-10-13,0.2547,40.80%,0.3373
2016-10-06,0.2879,43.30%,0.27899999999999997
2016-09-29,0.24,38.89%,0.3711
2016-09-22,0.2483,36.89%,0.38280000000000003
2016-09-15,0.27940000000000004,36.14%,0.3592
2016-09-08,0.2975,41.77%,0.2848
2016-09-01,0.28600000000000003,39.87%,0.3152
2016-08-25,0.2942,40.94%,0.2964
2016-08-18,0.3556,38.08%,0.2636
2016-08-11,0.3129,41.95%,0.2676
2016-08-04,0.2979,43.44%,0.2677
2016-07-28,0.3125,40.34%,0.2841
2016-07-21,0.3543,37.85%,0.2672
2016-07-14,0.36869999999999997,38.71%,0.24420000000000003
2016-07-07,0.3106,42.29%,0.26649999999999996
2016-06-30,0.2891,37.67%,0.3342
2016-06-23,0.21969999999999998,42.80%,0.35229999999999995
2016-06-16,0.2535,37.15%,0.375
2016-06-09,0.2783,44.34%,0.2783
2016-06-02,0.3017,40.78%,0.2905
2016-05-26,0.1775,52.86%,0.2939
2016-05-19,0.1934,46.56%,0.341
2016-05-12,0.2041,48.30%,0.3129
2016-05-05,0.22329999999999997,47.33%,0.3034
2016-04-28,0.2737,44.03%,0.28600000000000003
2016-04-21,0.33409999999999995,42.67%,0.23920000000000002
2016-04-14,0.2785,47.26%,0.2489
2016-04-07,0.32189999999999996,46.35%,0.2146
2016-03-31,0.2718,47.06%,0.2576
2016-03-24,0.3378,42.51%,0.2371
2016-03-17,0.29960000000000003,43.18%,0.2686
2016-03-10,0.3736,38.27%,0.2437
2016-03-03,0.32020000000000004,38.74%,0.2925
2016-02-25,0.3119,37.39%,0.31420000000000003
2016-02-18,0.2756,34.64%,0.37799999999999995
2016-02-11,0.1924,32.06%,0.48700000000000004
2016-02-04,0.2755,37.74%,0.3472
2016-01-28,0.2975,30.28%,0.3996
2016-01-21,0.2152,29.77%,0.48710000000000003
2016-01-14,0.179,36.58%,0.45530000000000004
2016-01-07,0.2217,39.57%,0.3826
2015-12-31,0.2507,51.31%,0.23620000000000002
2015-12-24,0.2638,42.13%,0.31489999999999996
2015-12-17,0.23870000000000002,36.75%,0.39380000000000004
2015-12-10,0.2851,41.61%,0.2989
2015-12-03,0.2949,49.31%,0.212
2015-11-26,0.3236,41.61%,0.26030000000000003
2015-11-19,0.3077,38.68%,0.3055
2015-11-12,0.3427,42.72%,0.23
2015-11-05,0.39,42.40%,0.18600000000000003
2015-10-29,0.4039,39.02%,0.2059
2015-10-22,0.3477,41.21%,0.2402
2015-10-15,0.3408,38.78%,0.27140000000000003
2015-10-08,0.37520000000000003,34.29%,0.28190000000000004
2015-10-01,0.2811,31.98%,0.3992
2015-09-24,0.3212,39.19%,0.2869
2015-09-17,0.3326,37.60%,0.2913
2015-09-10,0.3465,30.34%,0.35009999999999997
2015-09-03,0.32380000000000003,35.94%,0.31670000000000004
2015-08-27,0.325,29.23%,0.38270000000000004
2015-08-20,0.2682,39.85%,0.3333
2015-08-13,0.3045,33.40%,0.3615
2015-08-06,0.2432,44.03%,0.3166
2015-07-30,0.21109999999999998,38.19%,0.40700000000000003
2015-07-23,0.32539999999999997,41.87%,0.256
2015-07-16,0.3081,45.95%,0.2324
2015-07-09,0.2791,42.92%,0.2918
2015-07-02,0.2261,42.30%,0.35090000000000005
2015-06-25,0.3556,42.78%,0.2167
2015-06-18,0.2541,40.29%,0.34299999999999997
2015-06-11,0.2004,47.38%,0.3258
2015-06-04,0.2734,48.03%,0.2463
2015-05-28,0.27,47.86%,0.2514
2015-05-21,0.2521,49.79%,0.25
2015-05-14,0.26739999999999997,46.90%,0.2636
2015-05-07,0.2706,46.10%,0.26839999999999997
2015-04-30,0.3084,47.21%,0.2195
2015-04-23,0.3147,45.34%,0.23190000000000002
2015-04-16,0.3207,45.15%,0.2278
2015-04-09,0.287,47.15%,0.2415
2015-04-02,0.354,32.65%,0.3196
2015-03-26,0.3843,37.19%,0.2438
2015-03-19,0.2716,41.36%,0.3148
2015-03-12,0.316,43.00%,0.2541
2015-03-05,0.39799999999999996,36.84%,0.2336
2015-02-26,0.4537,34.33%,0.203
2015-02-19,0.4702,35.10%,0.1788
2015-02-12,0.4,39.67%,0.20329999999999998
2015-02-05,0.3549,32.08%,0.32420000000000004
2015-01-29,0.44170000000000004,33.44%,0.22390000000000002
2015-01-22,0.3714,32.06%,0.3079
2015-01-15,0.4611,32.40%,0.215
2015-01-08,0.41009999999999996,31.30%,0.27699999999999997
2015-01-01,0.5174,28.96%,0.1931
2014-12-25,0.5094,30.19%,0.1887
2014-12-18,0.3874,34.39%,0.2688
2014-12-11,0.45020000000000004,32.65%,0.2234
2014-12-04,0.4268,31.38%,0.2594
2014-11-27,0.5215,27.06%,0.2079
2014-11-20,0.49119999999999997,27.06%,0.2382
2014-11-13,0.5793,22.76%,0.1931
2014-11-06,0.5268999999999999,32.26%,0.1505
2014-10-30,0.49369999999999997,29.56%,0.2107
2014-10-23,0.49689999999999995,27.81%,0.225
2014-10-16,0.4266,23.64%,0.337
2014-10-09,0.39880000000000004,29.14%,0.3098
2014-10-02,0.3542,33.68%,0.309
2014-09-25,0.41840000000000005,29.93%,0.2823
2014-09-18,0.4224,34.78%,0.2298
2014-09-11,0.40380000000000005,33.01%,0.266
2014-09-04,0.44670000000000004,31.36%,0.2396
2014-08-28,0.5192,28.85%,0.1923
2014-08-21,0.4611,30.24%,0.2365
2014-08-14,0.3981,33.23%,0.2696
2014-08-07,0.3089,30.89%,0.3823
2014-07-31,0.31120000000000003,37.76%,0.31120000000000003
2014-07-24,0.2963,40.43%,0.2994
2014-07-17,0.3236,39.16%,0.2848
2014-07-10,0.3764,33.71%,0.2865
2014-07-03,0.3851,39.10%,0.22390000000000002
2014-06-26,0.3722,41.69%,0.2109
2014-06-19,0.3517,40.70%,0.2413
2014-06-12,0.44689999999999996,34.06%,0.2125
2014-06-05,0.3951,38.27%,0.22219999999999998
2014-05-29,0.36460000000000004,40.33%,0.23199999999999998
2014-05-22,0.3043,43.17%,0.264
2014-05-15,0.3312,44.27%,0.2261
2014-05-08,0.2834,42.99%,0.2866
2014-05-01,0.2977,40.78%,0.2945
2014-04-24,0.345,39.47%,0.2602
2014-04-17,0.2722,38.53%,0.3425
2014-04-10,0.2848,37.42%,0.3411
2014-04-03,0.35359999999999997,37.86%,0.26789999999999997
2014-03-27,0.3116,40.23%,0.2861
2014-03-20,0.3678,37.07%,0.2615
2014-03-13,0.41340000000000005,31.84%,0.2682
2014-03-06,0.40509999999999996,32.86%,0.2663
2014-02-27,0.3969,39.18%,0.2113
2014-02-20,0.42200000000000004,35.00%,0.228
2014-02-13,0.40149999999999997,32.51%,0.2734
2014-02-06,0.27899999999999997,35.70%,0.3641
2014-01-30,0.3218,35.06%,0.3276
2014-01-23,0.3812,38.12%,0.2376
2014-01-16,0.3899,39.52%,0.21489999999999998
2014-01-09,0.4362,31.38%,0.25
2014-01-02,0.43090000000000006,27.64%,0.2927
2013-12-26,0.5506,26.40%,0.18539999999999998
2013-12-19,0.4746,27.46%,0.25079999999999997
2013-12-12,0.4127,33.73%,0.25
2013-12-05,0.4264,29.81%,0.2755
2013-11-28,0.473,24.44%,0.2825
2013-11-21,0.3439,36.13%,0.2948
2013-11-14,0.392,33.33%,0.2747
2013-11-07,0.4548,32.71%,0.2181
2013-10-31,0.4497,33.56%,0.2148
2013-10-24,0.49200000000000005,33.23%,0.1757
2013-10-17,0.4628,28.80%,0.2492
2013-10-10,0.4133,25.09%,0.3358
2013-10-03,0.3784,32.09%,0.3007
2013-09-26,0.3605,33.33%,0.3061
2013-09-19,0.4511,25.19%,0.297
2013-09-12,0.45520000000000005,29.90%,0.2458
2013-09-05,0.3553,33.22%,0.3125
2013-08-29,0.3354,35.71%,0.3075
2013-08-22,0.2896,28.19%,0.4286
2013-08-15,0.34509999999999996,37.32%,0.2817
2013-08-08,0.395,33.86%,0.26649999999999996
2013-08-01,0.35619999999999996,39.38%,0.25
2013-07-25,0.4512,32.32%,0.2256
2013-07-18,0.47740000000000005,31.01%,0.2125
2013-07-11,0.4894,32.77%,0.183
2013-07-04,0.4199,34.16%,0.2384
2013-06-27,0.3028,34.56%,0.3517
2013-06-20,0.37450000000000006,32.58%,0.29960000000000003
2013-06-13,0.3297,32.43%,0.34590000000000004
2013-06-06,0.29469999999999996,31.58%,0.3895
2013-05-30,0.35969999999999996,34.39%,0.2964
2013-05-23,0.48969999999999997,29.45%,0.2158
2013-05-16,0.3849,32.18%,0.2934
2013-05-09,0.4079,31.77%,0.27440000000000003
2013-05-02,0.3099,33.10%,0.3592
2013-04-25,0.2829,32.89%,0.3882
2013-04-18,0.2685,24.93%,0.48219999999999996
2013-04-11,0.1931,26.21%,0.5448
2013-04-04,0.3549,36.34%,0.2817
2013-03-28,0.384,32.95%,0.2865
2013-03-21,0.38939999999999997,27.72%,0.3333
2013-03-14,0.4542,22.55%,0.32030000000000003
2013-03-07,0.3106,30.43%,0.3851
2013-02-28,0.2839,35.02%,0.36590000000000006
2013-02-21,0.4179,25.71%,0.325
2013-02-14,0.4225,29.01%,0.2873
2013-02-07,0.4277,27.67%,0.2956
2013-01-31,0.4804,27.65%,0.243
2013-01-24,0.5234000000000001,23.39%,0.2427
2013-01-17,0.43939999999999996,28.73%,0.2732
2013-01-10,0.4645,26.63%,0.2692
2013-01-03,0.3871,25.09%,0.36200000000000004
2012-12-27,0.444,25.37%,0.30219999999999997
2012-12-20,0.46399999999999997,28.80%,0.248
2012-12-13,0.43229999999999996,26.69%,0.30079999999999996
2012-12-06,0.42219999999999996,23.17%,0.34600000000000003
2012-11-28,0.4093,24.71%,0.3436
2012-11-22,0.3582,23.40%,0.4078
2012-11-15,0.2882,22.35%,0.4882
2012-11-08,0.385,21.60%,0.39909999999999995
2012-11-01,0.3574,23.28%,0.40979999999999994
2012-10-25,0.2925,27.67%,0.43079999999999996
2012-10-18,0.2866,26.79%,0.44549999999999995
2012-10-11,0.30579999999999996,30.58%,0.3885
2012-10-04,0.3386,32.91%,0.3323
2012-09-27,0.361,27.44%,0.36460000000000004
2012-09-20,0.375,28.72%,0.3378
2012-09-13,0.36460000000000004,30.56%,0.3299
2012-09-06,0.3306,33.88%,0.3306
2012-08-30,0.3472,32.64%,0.3264
2012-08-23,0.41960000000000003,32.17%,0.2587
2012-08-16,0.36840000000000006,35.09%,0.2807
2012-08-09,0.36469999999999997,36.18%,0.2735
2012-08-02,0.3045,34.63%,0.3493
2012-07-26,0.2812,28.75%,0.4313
2012-07-19,0.22190000000000001,36.02%,0.4179
2012-07-12,0.3023,35.05%,0.34729999999999994
2012-07-05,0.3264,34.03%,0.3333
2012-06-28,0.2867,26.96%,0.4437
2012-06-21,0.3289,31.23%,0.3588
2012-06-14,0.3404,30.18%,0.3579
2012-06-07,0.27449999999999997,26.80%,0.4575
2012-05-31,0.2802,29.96%,0.4202
2012-05-24,0.30469999999999997,30.86%,0.38670000000000004
2012-05-17,0.23579999999999998,30.45%,0.4597
2012-05-10,0.254,32.54%,0.42060000000000003
2012-05-03,0.354,36.13%,0.2847
2012-04-26,0.2764,34.96%,0.374
2012-04-19,0.3118,34.98%,0.33840000000000003
2012-04-12,0.2814,30.30%,0.4156
2012-04-05,0.38170000000000004,34.02%,0.278
2012-03-29,0.42469999999999997,32.05%,0.2548
2012-03-22,0.4238,29.80%,0.2781
2012-03-15,0.4561,27.20%,0.272
2012-03-08,0.4238,28.62%,0.29
2012-03-01,0.4451,28.66%,0.2683
2012-02-23,0.43689999999999996,28.80%,0.2751
2012-02-16,0.42710000000000004,30.65%,0.2663
2012-02-09,0.5164,28.17%,0.20190000000000002
2012-02-02,0.43810000000000004,31.12%,0.25079999999999997
2012-01-26,0.484,32.69%,0.1891
2012-01-19,0.47229999999999994,29.15%,0.2361
2012-01-12,0.4914,33.68%,0.1718
2012-01-05,0.4888,33.95%,0.1716
2011-12-29,0.406,28.57%,0.30829999999999996
2011-12-22,0.3373,38.04%,0.2824
2011-12-15,0.4018,26.16%,0.33640000000000003
2011-12-08,0.3857,26.66%,0.34759999999999996
2011-12-01,0.33039999999999997,27.53%,0.3942
2011-11-24,0.3271,29.01%,0.38270000000000004
2011-11-17,0.4193,27.01%,0.3104
2011-11-10,0.4473,30.70%,0.24559999999999998
2011-11-03,0.4018,30.20%,0.2962
2011-10-27,0.43,32.00%,0.25
2011-10-20,0.35979999999999995,29.41%,0.34600000000000003
2011-10-13,0.39770000000000005,23.86%,0.3636
2011-10-06,0.35229999999999995,19.04%,0.4571
2011-09-29,0.3251,20.68%,0.4679
2011-09-22,0.25329999999999997,26.67%,0.48
2011-09-15,0.305,28.15%,0.41350000000000003
2011-09-08,0.30219999999999997,29.50%,0.4029
2011-09-01,0.3862,29.04%,0.3234
2011-08-25,0.3644,22.60%,0.4096
2011-08-18,0.3556,24.62%,0.3982
2011-08-11,0.3343,21.79%,0.44780000000000003
2011-08-04,0.2716,22.99%,0.4985
2011-07-28,0.3784,30.74%,0.31420000000000003
2011-07-21,0.3986,29.54%,0.3061
2011-07-14,0.3931,31.45%,0.2925
2011-07-07,0.4177,33.54%,0.2468
2011-06-30,0.3831,31.49%,0.3019
2011-06-23,0.3746,26.80%,0.3574
2011-06-16,0.29,28.25%,0.4275
2011-06-09,0.24420000000000003,27.91%,0.4767
2011-06-02,0.3018,36.39%,0.3343
2011-05-26,0.2561,32.97%,0.4142
2011-05-19,0.2669,32.02%,0.4129
2011-05-12,0.3077,33.73%,0.355
2011-05-05,0.3546,32.67%,0.3187
2011-04-28,0.379,31.45%,0.3065
2011-04-21,0.32159999999999994,36.84%,0.3099
2011-04-14,0.4225,26.76%,0.3099
2011-04-07,0.4359,27.56%,0.28850000000000003
2011-03-31,0.4181,27.12%,0.3107
2011-03-24,0.3774,27.27%,0.3497
2011-03-17,0.2849,31.39%,0.4012
2011-03-10,0.35969999999999996,31.71%,0.3232
2011-03-03,0.3679,30.05%,0.33159999999999995
2011-02-24,0.3663,27.23%,0.3614
2011-02-17,0.4658,27.85%,0.2557
2011-02-10,0.494,23.69%,0.2691
2011-02-03,0.5154,21.59%,0.2687
2011-01-27,0.4204,23.67%,0.3429
2011-01-20,0.5075,20.15%,0.29100000000000004
2011-01-13,0.5234000000000001,24.22%,0.23440000000000003
2011-01-06,0.5588000000000001,25.86%,0.1825
2010-12-30,0.5161,28.34%,0.2005
2010-12-23,0.6328,20.31%,0.16399999999999998
2010-12-16,0.5023,22.62%,0.27149999999999996
2010-12-09,0.5305,24.39%,0.2256
2010-12-02,0.4966,24.14%,0.2621
2010-11-25,0.474,27.92%,0.2468
2010-11-18,0.4,27.50%,0.325
2010-11-11,0.5756,13.95%,0.2849
2010-11-04,0.48229999999999995,21.99%,0.2979
2010-10-28,0.5123,27.16%,0.21600000000000003
2010-10-21,0.4962,25.19%,0.2519
2010-10-14,0.47100000000000003,26.09%,0.2681
2010-10-07,0.4903,23.23%,0.2774
2010-09-30,0.4253,25.86%,0.3161
2010-09-23,0.4497,29.63%,0.254
2010-09-16,0.5089,24.85%,0.2426
2010-09-09,0.4387,24.51%,0.3161
2010-09-02,0.308,27.00%,0.42210000000000003
2010-08-26,0.20739999999999997,29.79%,0.4947
2010-08-19,0.3011,27.42%,0.42469999999999997
2010-08-12,0.39759999999999995,30.12%,0.3012
2010-08-05,0.3039,31.37%,0.3824
2010-07-29,0.4,26.67%,0.3333
2010-07-22,0.32159999999999994,22.81%,0.45030000000000003
2010-07-15,0.3937,22.84%,0.37799999999999995
2010-07-08,0.2094,21.99%,0.5707
2010-07-01,0.2468,33.33%,0.4199
2010-06-24,0.3446,33.11%,0.3243
2010-06-17,0.42450000000000004,26.89%,0.3066
2010-06-10,0.3448,22.41%,0.431
2010-06-03,0.3709,22.07%,0.40850000000000003
2010-05-27,0.2983,19.30%,0.5088
2010-05-20,0.413,25.00%,0.337
2010-05-13,0.366,26.80%,0.366
2010-05-06,0.39130000000000004,32.30%,0.2857
2010-04-29,0.41359999999999997,30.00%,0.2864
2010-04-22,0.3812,27.62%,0.3425
2010-04-15,0.48479999999999995,21.82%,0.297
2010-04-08,0.4286,26.79%,0.3036
2010-04-01,0.413,27.54%,0.3116
2010-03-25,0.3239,32.95%,0.34659999999999996
2010-03-18,0.35369999999999996,34.76%,0.2988
2010-03-11,0.45289999999999997,29.41%,0.2529
2010-03-04,0.3586,37.93%,0.2621
2010-02-25,0.3489,35.57%,0.2953
2010-02-18,0.35850000000000004,28.93%,0.3522
2010-02-11,0.3675,21.37%,0.4188
2010-02-04,0.2923,27.69%,0.43079999999999996
2010-01-28,0.35,28.33%,0.3667
2010-01-21,0.4,25.26%,0.34740000000000004
2010-01-14,0.4744,25.64%,0.2692
2010-01-07,0.41,33.00%,0.26
2009-12-31,0.4918,27.87%,0.22949999999999998
2009-12-24,0.3768,24.64%,0.3768
2009-12-17,0.4211,29.47%,0.2842
2009-12-10,0.4268,21.95%,0.35369999999999996
2009-12-03,0.4158,24.75%,0.33659999999999995
2009-11-26,0.41659999999999997,16.66%,0.41659999999999997
2009-11-19,0.42729999999999996,25.45%,0.3182
2009-11-12,0.386,22.80%,0.386
2009-11-05,0.22219999999999998,22.22%,0.5556
2009-10-29,0.33649999999999997,24.04%,0.42310000000000003
2009-10-22,0.4048,23.81%,0.35710000000000003
2009-10-15,0.473,18.92%,0.3378
2009-10-08,0.35090000000000005,23.68%,0.41229999999999994
2009-10-01,0.4355,20.97%,0.35479999999999995
2009-09-24,0.3909,16.36%,0.44549999999999995
2009-09-17,0.4214,17.86%,0.4
2009-09-10,0.37329999999999997,18.67%,0.44
2009-09-03,0.3797,24.05%,0.3797
2009-08-27,0.3398,17.48%,0.4854
2009-08-20,0.3407,25.93%,0.4
2009-08-13,0.51,16.00%,0.33
2009-08-06,0.5,14.84%,0.35159999999999997
2009-07-30,0.4767,20.93%,0.314
2009-07-23,0.376,20.00%,0.424
2009-07-16,0.2868,24.26%,0.4706
2009-07-09,0.2791,17.44%,0.5465
2009-07-02,0.3784,17.57%,0.4459
2009-06-25,0.28,23.20%,0.488
2009-06-18,0.3333,20.24%,0.4643
2009-06-11,0.3925,21.50%,0.3925
2009-06-04,0.4756,15.85%,0.36590000000000006
2009-05-28,0.40369999999999995,11.01%,0.48619999999999997
2009-05-21,0.3372,20.93%,0.4535
2009-05-14,0.43810000000000004,20.95%,0.35240000000000005
2009-05-07,0.4409,22.58%,0.3333
2009-04-30,0.36090000000000005,20.30%,0.4361
2009-04-23,0.3182,29.55%,0.3864
2009-04-16,0.4414,20.00%,0.3586
2009-04-09,0.35710000000000003,20.00%,0.4429
2009-04-02,0.4266,20.28%,0.37060000000000004
2009-03-26,0.39130000000000004,18.48%,0.4239
2009-03-19,0.4506,16.67%,0.38270000000000004
2009-03-12,0.2764,17.89%,0.5447
2009-03-05,0.1892,10.81%,0.7027
2009-02-26,0.243,20.56%,0.5514
2009-02-19,0.2164,21.64%,0.5672
2009-02-12,0.32909999999999995,27.85%,0.3924
2009-02-05,0.2463,31.34%,0.4403
2009-01-29,0.2527,27.47%,0.4725
2009-01-22,0.2721,26.47%,0.4632
2009-01-15,0.2763,25.00%,0.47369999999999995
2009-01-08,0.48700000000000004,16.23%,0.3506
2009-01-01,0.24,21.33%,0.5467
2008-12-25,0.2895,27.19%,0.4386
2008-12-18,0.3973,24.66%,0.35619999999999996
2008-12-11,0.375,22.66%,0.39840000000000003
2008-12-04,0.2667,25.56%,0.4778
2008-11-27,0.3125,23.86%,0.4489
2008-11-20,0.2437,18.49%,0.5714
2008-11-13,0.3833,19.17%,0.425
2008-11-06,0.4483,21.84%,0.3333
2008-10-30,0.3714,22.29%,0.4057
2008-10-23,0.3874,22.52%,0.3874
2008-10-16,0.4094,19.30%,0.39770000000000005
2008-10-09,0.3147,7.69%,0.6084
2008-10-02,0.3333,11.67%,0.55
2008-09-25,0.3404,20.21%,0.45740000000000003
2008-09-18,0.2721,18.37%,0.5442
2008-09-11,0.2927,15.85%,0.5488000000000001
2008-09-04,0.3704,19.75%,0.4321
2008-08-28,0.3068,23.86%,0.4545
2008-08-21,0.381,24.60%,0.373
2008-08-14,0.4286,18.18%,0.3896
2008-08-07,0.35609999999999997,21.97%,0.4242
2008-07-31,0.4,18.82%,0.4118
2008-07-24,0.3582,20.14%,0.4403
2008-07-17,0.25,16.86%,0.5814
2008-07-10,0.2217,22.66%,0.5517
2008-07-03,0.23929999999999998,23.93%,0.5214
2008-06-26,0.3125,16.48%,0.5227
2008-06-19,0.3298,21.28%,0.45740000000000003
2008-06-12,0.3125,15.18%,0.5357
2008-06-05,0.43479999999999996,18.48%,0.3804
2008-05-29,0.3136,22.88%,0.4576
2008-05-22,0.46299999999999997,19.44%,0.34259999999999996
2008-05-15,0.45159999999999995,25.16%,0.2968
2008-05-08,0.5281,22.47%,0.24719999999999998
2008-05-01,0.5329,20.39%,0.2632
2008-04-24,0.4667,25.83%,0.275
2008-04-17,0.3037,20.94%,0.4869
2008-04-10,0.4576,16.95%,0.3729
2008-04-03,0.36700000000000005,23.94%,0.3936
2008-03-27,0.41600000000000004,24.80%,0.336
2008-03-20,0.2521,20.51%,0.5427000000000001
2008-03-13,0.20420000000000002,20.42%,0.5915
2008-03-06,0.2198,26.37%,0.5165
2008-02-28,0.3431,20.44%,0.4526
2008-02-21,0.3318,22.12%,0.447
2008-02-14,0.3333,24.81%,0.41859999999999997
2008-02-07,0.3411,18.69%,0.47200000000000003
2008-01-31,0.30079999999999996,21.05%,0.48869999999999997
2008-01-24,0.2514,15.85%,0.5902000000000001
2008-01-17,0.243,21.30%,0.5444
2008-01-10,0.1963,21.50%,0.5888
2008-01-03,0.2571,19.05%,0.5524
2007-12-27,0.3,20.00%,0.5
2007-12-20,0.35850000000000004,16.98%,0.4717
2007-12-13,0.47619999999999996,16.67%,0.35710000000000003
2007-12-06,0.4065,19.51%,0.39840000000000003
2007-11-29,0.2857,15.31%,0.5611999999999999
2007-11-22,0.25579999999999997,21.71%,0.5271
2007-11-15,0.3301,17.48%,0.4951
2007-11-08,0.3619,12.38%,0.5143
2007-11-01,0.4471,18.82%,0.36469999999999997
2007-10-25,0.3125,20.54%,0.48210000000000003
2007-10-18,0.41960000000000003,22.32%,0.35710000000000003
2007-10-11,0.5464,19.59%,0.2577
2007-10-04,0.5181,22.89%,0.253
2007-09-27,0.49369999999999997,16.46%,0.3418
2007-09-20,0.3924,29.11%,0.3165
2007-09-13,0.4,24.71%,0.3529
2007-09-06,0.38380000000000003,19.19%,0.4242
2007-08-30,0.40299999999999997,13.43%,0.46270000000000006
2007-08-23,0.4128,15.60%,0.43119999999999997
2007-08-16,0.42219999999999996,12.22%,0.4556
2007-08-09,0.4576,15.25%,0.3898
2007-08-02,0.45880000000000004,14.12%,0.4
2007-07-26,0.4421,18.95%,0.36840000000000006
2007-07-19,0.4177,21.52%,0.3671
2007-07-12,0.4364,26.36%,0.3
2007-07-05,0.4384,23.29%,0.32880000000000004
2007-06-28,0.39020000000000005,25.20%,0.3577
2007-06-21,0.4316,23.16%,0.3368
2007-06-14,0.373,19.05%,0.4365
2007-06-07,0.40590000000000004,16.83%,0.4257
2007-05-31,0.3333,21.88%,0.44789999999999996
2007-05-24,0.3735,24.10%,0.38549999999999995
2007-05-17,0.3839,25.00%,0.3661
2007-05-10,0.4286,14.29%,0.4286
2007-05-03,0.2857,17.14%,0.5428999999999999
2007-04-26,0.3924,22.78%,0.3797
2007-04-19,0.4694,23.47%,0.2959
2007-04-12,0.40850000000000003,21.13%,0.3803
2007-04-05,0.3226,27.96%,0.3978
2007-03-29,0.4268,31.71%,0.2561
2007-03-22,0.4388,23.02%,0.3309
2007-03-15,0.3299,21.65%,0.4536
2007-03-08,0.358,19.32%,0.4489
2007-03-01,0.3663,23.76%,0.396
2007-02-22,0.5385,23.85%,0.2231
2007-02-15,0.4757,21.36%,0.3107
2007-02-08,0.46149999999999997,23.85%,0.3
2007-02-01,0.4632,23.16%,0.3053
2007-01-25,0.3951,27.16%,0.3333
2007-01-18,0.5778,15.15%,0.2727
2007-01-11,0.44439999999999996,21.30%,0.34259999999999996
2007-01-04,0.4914,21.55%,0.29309999999999997
2006-12-28,0.46,18.00%,0.36
2006-12-21,0.3908,18.39%,0.4253
2006-12-14,0.4133,20.67%,0.38
2006-12-07,0.38939999999999997,19.47%,0.41590000000000005
2006-11-30,0.4022,12.29%,0.47490000000000004
2006-11-23,0.4194,16.13%,0.4194
2006-11-16,0.4656,22.90%,0.3053
2006-11-09,0.506,22.89%,0.2651
2006-11-02,0.4375,19.38%,0.3688
2006-10-26,0.5217,17.39%,0.3043
2006-10-19,0.542,16.03%,0.2977
2006-10-12,0.48979999999999996,13.27%,0.3776
2006-10-05,0.3778,15.56%,0.4667
2006-09-28,0.5132,15.79%,0.3289
2006-09-21,0.4775,18.02%,0.3423
2006-09-14,0.47950000000000004,13.70%,0.3836
2006-09-07,0.4299,27.10%,0.2991
2006-08-31,0.4157,32.58%,0.2584
2006-08-24,0.3935,23.23%,0.37420000000000003
2006-08-17,0.3053,33.68%,0.3579
2006-08-10,0.36590000000000006,21.95%,0.4146
2006-08-03,0.3146,21.35%,0.4719
2006-07-27,0.3488,22.09%,0.4302
2006-07-20,0.23850000000000002,18.35%,0.578
2006-07-13,0.365,24.09%,0.3942
2006-07-06,0.377,19.67%,0.42619999999999997
2006-06-29,0.386,21.64%,0.39770000000000005
2006-06-22,0.344,24.00%,0.41600000000000004
2006-06-15,0.2641,18.61%,0.5498
2006-06-08,0.2623,28.69%,0.4508
2006-06-01,0.3077,19.23%,0.5
2006-05-25,0.33039999999999997,21.43%,0.45539999999999997
2006-05-18,0.39390000000000003,16.97%,0.4364
2006-05-11,0.5489999999999999,17.65%,0.27449999999999997
2006-05-04,0.45890000000000003,20.55%,0.3356
2006-04-27,0.4211,21.93%,0.35960000000000003
2006-04-20,0.3373,25.44%,0.4083
2006-04-13,0.4536,26.80%,0.2784
2006-04-06,0.4767,29.07%,0.23260000000000003
2006-03-30,0.3721,30.23%,0.3256
2006-03-23,0.4375,28.75%,0.275
2006-03-16,0.46549999999999997,20.69%,0.3276
2006-03-09,0.4121,28.02%,0.3077
2006-03-02,0.4094,29.92%,0.2913
2006-02-23,0.4321,28.40%,0.284
2006-02-16,0.4018,24.11%,0.35710000000000003
2006-02-09,0.4019,25.23%,0.3458
2006-02-02,0.447,21.97%,0.3333
2006-01-26,0.3077,35.90%,0.3333
2006-01-19,0.5,24.17%,0.2583
2006-01-12,0.5896,21.97%,0.19079999999999997
2006-01-05,0.29350000000000004,30.43%,0.4022
2005-12-29,0.373,26.19%,0.3651
2005-12-22,0.4103,30.77%,0.2821
2005-12-15,0.46149999999999997,31.73%,0.2212
2005-12-08,0.4947,31.58%,0.1895
2005-12-01,0.5246999999999999,24.07%,0.2346
2005-11-24,0.5733,26.67%,0.16
2005-11-17,0.5363,24.58%,0.21789999999999998
2005-11-10,0.5861999999999999,18.39%,0.2299
2005-11-03,0.42950000000000005,29.49%,0.2756
2005-10-27,0.32049999999999995,21.79%,0.46149999999999997
2005-10-20,0.4311,20.96%,0.3593
2005-10-13,0.3896,12.99%,0.4805
2005-10-06,0.5,22.58%,0.2742
2005-09-29,0.3188,28.99%,0.39130000000000004
2005-09-22,0.3947,28.07%,0.3246
2005-09-15,0.5143,20.00%,0.2857
2005-09-08,0.42310000000000003,25.00%,0.32689999999999997
2005-09-01,0.3176,30.59%,0.3765
2005-08-25,0.3614,32.53%,0.31329999999999997
2005-08-18,0.2929,30.30%,0.40399999999999997
2005-08-11,0.39740000000000003,31.41%,0.28850000000000003
2005-08-04,0.4783,26.09%,0.2609
2005-07-28,0.5752,24.84%,0.1765
2005-07-21,0.4118,31.37%,0.27449999999999997
2005-07-14,0.5789,28.07%,0.1404
2005-07-07,0.4301,36.56%,0.2043
2005-06-30,0.45890000000000003,24.66%,0.2945
2005-06-23,0.46590000000000004,35.23%,0.1818
2005-06-16,0.4805,33.12%,0.1883
2005-06-09,0.4598,34.48%,0.1954
2005-06-02,0.4861,31.94%,0.19440000000000002
2005-05-26,0.4414,32.43%,0.23420000000000002
2005-05-19,0.3892,32.43%,0.2865
2005-05-12,0.305,33.1%,0.364
2005-05-05,0.28600000000000003,26.5%,0.449
2005-04-28,0.298,35.5%,0.34700000000000003
2005-04-21,0.368,30.3%,0.32899999999999996
2005-04-14,0.165,41.8%,0.418
2005-04-07,0.27699999999999997,28.4%,0.439
2005-03-31,0.284,20.6%,0.51
2005-03-24,0.23199999999999998,34.8%,0.419
2005-03-17,0.325,35.1%,0.325
2005-03-10,0.49700000000000005,25.5%,0.248
2005-03-03,0.395,33.3%,0.272
2005-02-24,0.318,36.4%,0.318
2005-02-17,0.364,33.8%,0.299
2005-02-10,0.43799999999999994,33.3%,0.22899999999999998
2005-02-03,0.41700000000000004,33.3%,0.25
2005-01-27,0.264,37.1%,0.364
2005-01-20,0.337,32.7%,0.337
2005-01-13,0.34,26.1%,0.39899999999999997
2005-01-06,0.381,27.4%,0.345
2004-12-30,0.5770000000000001,24.8%,0.175
2004-12-23,0.602,21.6%,0.182
2004-12-16,0.525,28.3%,0.192
2004-12-09,0.514,23.4%,0.252
2004-12-02,0.568,17.8%,0.254
2004-11-24,0.495,23.7%,0.268
2004-11-18,0.6409999999999999,13.5%,0.22399999999999998
2004-11-11,0.625,15.9%,0.21600000000000003
2004-11-04,0.5710000000000001,20.0%,0.22899999999999998
2004-10-28,0.423,26.0%,0.317
2004-10-21,0.425,28.8%,0.28800000000000003
2004-10-14,0.447,27.1%,0.282
2004-10-07,0.569,23.4%,0.19699999999999998
2004-09-30,0.41100000000000003,19.6%,0.39299999999999996
2004-09-23,0.512,22.0%,0.268
2004-09-16,0.455,22.7%,0.318
2004-09-09,0.505,25.7%,0.23800000000000002
2004-09-02,0.415,30.2%,0.28300000000000003
2004-08-26,0.415,33.1%,0.254
2004-08-19,0.349,30.2%,0.349
2004-08-12,0.386,21.4%,0.4
2004-08-05,0.31,35.2%,0.33799999999999997
2004-07-29,0.34,30.0%,0.36
2004-07-22,0.35700000000000004,40.5%,0.23800000000000002
2004-07-15,0.474,29.0%,0.237
2004-07-08,0.551,23.5%,0.214
2004-07-01,0.57,27.3%,0.158
2004-06-24,0.564,20.5%,0.231
2004-06-17,0.414,30.5%,0.281
2004-06-10,0.5529999999999999,29.0%,0.158
2004-06-03,0.33299999999999996,40.5%,0.262
2004-05-27,0.361,23.6%,0.40299999999999997
2004-05-20,0.36700000000000005,23.3%,0.4
2004-05-13,0.32899999999999996,23.7%,0.434
2004-05-06,0.39,33.9%,0.271
2004-04-29,0.5,28.8%,0.212
2004-04-22,0.5,27.5%,0.225
2004-04-15,0.638,22.5%,0.138
2004-04-08,0.588,21.0%,0.203
2004-04-01,0.552,22.4%,0.22399999999999998
2004-03-25,0.315,25.9%,0.426
2004-03-18,0.386,35.1%,0.263
2004-03-11,0.413,25.2%,0.336
2004-03-04,0.478,39.1%,0.13
2004-02-26,0.41600000000000004,27.9%,0.305
2004-02-19,0.565,22.6%,0.21
2004-02-12,0.561,29.3%,0.146
2004-02-05,0.509,27.3%,0.218
2004-01-29,0.569,28.1%,0.15
2004-01-22,0.695,17.1%,0.134
2004-01-15,0.6629999999999999,23.6%,0.10099999999999999
2004-01-08,0.672,14.9%,0.179
2004-01-01,0.624,24.1%,0.135
2003-12-26,0.655,17.2%,0.172
2003-12-18,0.602,20.4%,0.19399999999999998
2003-12-11,0.5529999999999999,23.7%,0.21100000000000002
2003-12-04,0.6940000000000001,16.2%,0.14400000000000002
2003-11-27,0.604,18.9%,0.20800000000000002
2003-11-20,0.532,25.8%,0.21
2003-11-13,0.5329999999999999,32.2%,0.14400000000000002
2003-11-06,0.5760000000000001,25.8%,0.16699999999999998
2003-10-30,0.578,23.4%,0.188
2003-10-23,0.528,30.6%,0.16699999999999998
2003-10-16,0.603,25.9%,0.138
2003-10-09,0.5760000000000001,19.2%,0.23199999999999998
2003-10-02,0.5,21.4%,0.28600000000000003
2003-09-25,0.573,20.4%,0.223
2003-09-18,0.628,17.7%,0.196
2003-09-11,0.581,24.4%,0.174
2003-09-04,0.623,21.3%,0.16399999999999998
2003-08-28,0.5670000000000001,20.6%,0.22699999999999998
2003-08-21,0.63,18.5%,0.185
2003-08-14,0.506,25.8%,0.23600000000000002
2003-08-07,0.455,22.1%,0.325
2003-07-31,0.515,32.3%,0.162
2003-07-24,0.52,17.3%,0.307
2003-07-17,0.513,20.2%,0.28600000000000003
2003-07-10,0.43200000000000005,25.7%,0.311
2003-07-03,0.41200000000000003,23.5%,0.353
2003-06-26,0.7140000000000001,20.0%,0.086
2003-06-19,0.564,7.7%,0.359
2003-06-12,0.5,20.8%,0.292
2003-06-05,0.52,28.8%,0.192
2003-05-29,0.629,22.9%,0.14300000000000002
2003-05-22,0.385,26.0%,0.35600000000000004
2003-05-15,0.628,20.9%,0.163
2003-05-08,0.528,28.8%,0.184
2003-05-01,0.486,25.7%,0.257
2003-04-24,0.63,18.0%,0.19
2003-04-17,0.46299999999999997,22.2%,0.315
2003-04-10,0.385,30.8%,0.308
2003-04-03,0.324,29.4%,0.382
2003-03-27,0.39399999999999996,27.9%,0.327
2003-03-20,0.429,19.1%,0.381
2003-03-13,0.34299999999999997,14.3%,0.514
2003-03-06,0.33299999999999996,27.3%,0.39399999999999996
2003-02-27,0.26,26.8%,0.47200000000000003
2003-02-20,0.21100000000000002,21.1%,0.579
2003-02-13,0.21899999999999997,40.0%,0.381
2003-02-06,0.22899999999999998,51.4%,0.257
2003-01-30,0.255,26.6%,0.479
2003-01-23,0.25,31.8%,0.43200000000000005
2003-01-16,0.292,41.7%,0.292
2003-01-09,0.381,19.1%,0.429
2003-01-02,0.324,29.7%,0.37799999999999995
2002-12-26,0.4,28.0%,0.32
2002-12-19,0.429,27.1%,0.3
2002-12-12,0.414,34.5%,0.24100000000000002
2002-12-05,0.529,29.4%,0.177
2002-11-28,0.511,17.0%,0.319
2002-11-21,0.506,28.1%,0.214
2002-11-14,0.48700000000000004,18.9%,0.324
2002-11-07,0.5,23.7%,0.263
2002-10-31,0.515,20.6%,0.27899999999999997
2002-10-24,0.446,21.7%,0.337
2002-10-17,0.395,21.1%,0.395
2002-10-10,0.289,16.4%,0.5479999999999999
2002-10-03,0.35200000000000004,16.9%,0.479
2002-09-26,0.245,28.4%,0.47100000000000003
2002-09-19,0.33799999999999997,23.0%,0.43200000000000005
2002-09-12,0.384,24.7%,0.37
2002-09-05,0.315,18.5%,0.5
2002-08-29,0.5,21.0%,0.29
2002-08-22,0.43799999999999994,16.7%,0.396
2002-08-15,0.379,20.7%,0.414
2002-08-08,0.377,23.0%,0.39299999999999996
2002-08-01,0.342,34.2%,0.316
2002-07-25,0.27899999999999997,23.3%,0.488
2002-07-18,0.263,20.0%,0.5379999999999999
2002-07-11,0.35100000000000003,22.7%,0.423
2002-07-03,0.266,26.6%,0.469
2002-06-27,0.31,23.0%,0.46
2002-06-20,0.457,28.6%,0.257
2002-06-13,0.318,34.6%,0.336
2002-06-06,0.32799999999999996,27.9%,0.39299999999999996
2002-05-29,0.28300000000000003,31.5%,0.402
2002-05-23,0.262,33.3%,0.405
2002-05-16,0.368,34.9%,0.28300000000000003
2002-05-09,0.303,29.0%,0.408
2002-05-02,0.27,39.6%,0.33299999999999996
2002-04-25,0.36700000000000005,40.0%,0.233
2002-04-18,0.402,36.6%,0.23199999999999998
2002-04-11,0.282,38.5%,0.33299999999999996
2002-04-04,0.405,39.3%,0.20199999999999999
2002-03-28,0.512,25.6%,0.233
2002-03-21,0.532,35.5%,0.113
2002-03-14,0.565,29.0%,0.145
2002-03-07,0.5329999999999999,31.1%,0.156
2002-02-28,0.444,35.2%,0.204
2002-02-21,0.364,38.2%,0.255
2002-02-14,0.452,38.7%,0.161
2002-02-07,0.375,39.6%,0.22899999999999998
2002-01-31,0.455,31.8%,0.22699999999999998
2002-01-24,0.34700000000000003,34.7%,0.306
2002-01-17,0.29600000000000004,40.9%,0.29600000000000004
2002-01-10,0.5479999999999999,23.3%,0.21899999999999997
2002-01-03,0.511,24.4%,0.244
2001-12-27,0.5770000000000001,15.4%,0.26899999999999996
2001-12-20,0.525,21.3%,0.262
2001-12-13,0.614,24.6%,0.14
2001-12-06,0.5920000000000001,16.3%,0.245
2001-11-29,0.693,10.7%,0.2
2001-11-22,0.583,16.7%,0.25
2001-11-15,0.455,21.2%,0.33299999999999996
2001-11-08,0.34600000000000003,23.1%,0.423
2001-11-01,0.35,31.7%,0.33299999999999996
2001-10-25,0.5589999999999999,26.5%,0.177
2001-10-18,0.606,18.3%,0.21100000000000002
2001-10-11,0.474,24.6%,0.281
2001-10-04,0.512,19.5%,0.293
2001-09-27,0.511,26.7%,0.222
2001-09-20,0.311,24.3%,0.446
2001-09-13,0.267,36.7%,0.36700000000000005
2001-09-06,0.303,36.0%,0.337
2001-08-30,0.314,45.7%,0.22899999999999998
2001-08-23,0.345,34.5%,0.31
2001-08-16,0.354,27.1%,0.375
2001-08-09,0.349,37.4%,0.27699999999999997
2001-08-02,0.364,27.3%,0.364
2001-07-26,0.295,32.4%,0.381
2001-07-19,0.5,34.8%,0.152
2001-07-12,0.253,38.5%,0.363
2001-07-05,0.40700000000000003,40.7%,0.185
2001-06-28,0.304,36.7%,0.32899999999999996
2001-06-21,0.33299999999999996,43.3%,0.233
2001-06-14,0.305,47.5%,0.22
2001-06-07,0.426,31.9%,0.255
2001-05-31,0.494,22.1%,0.28600000000000003
2001-05-24,0.619,21.4%,0.16699999999999998
2001-05-17,0.518,29.4%,0.188
2001-05-10,0.5329999999999999,28.9%,0.17800000000000002
2001-05-03,0.635,14.9%,0.21600000000000003
2001-04-26,0.466,22.4%,0.31
2001-04-19,0.43799999999999994,25.0%,0.313
2001-04-12,0.303,28.8%,0.409
2001-04-05,0.35100000000000003,26.1%,0.387
2001-03-29,0.373,35.3%,0.275
2001-03-22,0.278,25.0%,0.47200000000000003
2001-03-15,0.309,32.7%,0.364
2001-03-08,0.316,36.7%,0.316
2001-03-01,0.46,20.3%,0.33799999999999997
2001-02-22,0.263,35.1%,0.386
2001-02-15,0.304,47.8%,0.217
2001-02-08,0.556,30.0%,0.14400000000000002
2001-02-01,0.5,30.8%,0.192
2001-01-25,0.49200000000000005,24.6%,0.262
2001-01-18,0.366,39.0%,0.244
2001-01-11,0.35700000000000004,21.4%,0.429
2001-01-04,0.426,33.3%,0.24100000000000002
2000-12-28,0.4,28.0%,0.32
2000-12-21,0.311,17.8%,0.511
2000-12-14,0.596,7.7%,0.327
2000-12-07,0.47100000000000003,15.7%,0.373
2000-11-30,0.604,22.9%,0.16699999999999998
2000-11-23,0.365,27.0%,0.365
2000-11-16,0.45799999999999996,37.5%,0.16699999999999998
2000-11-09,0.629,28.6%,0.086
2000-11-02,0.516,25.8%,0.226
2000-10-26,0.6409999999999999,18.0%,0.18
2000-10-19,0.489,26.7%,0.244
2000-10-12,0.415,26.8%,0.317
2000-10-05,0.419,32.3%,0.258
2000-09-28,0.5329999999999999,40.0%,0.067
2000-09-21,0.43799999999999994,37.5%,0.188
2000-09-14,0.41200000000000003,35.3%,0.235
2000-09-07,0.625,29.2%,0.083
2000-08-31,0.5589999999999999,26.5%,0.177
2000-08-23,0.5770000000000001,19.2%,0.231
2000-08-17,0.594,21.9%,0.188
2000-08-10,0.541,34.4%,0.115
2000-08-03,0.413,34.8%,0.239
2000-07-27,0.429,37.1%,0.2
2000-07-20,0.667,21.3%,0.12
2000-07-13,0.65,15.0%,0.2
2000-07-06,0.561,28.1%,0.159
2000-06-22,0.267,33.3%,0.4
2000-06-15,0.43799999999999994,37.5%,0.188
2000-06-08,0.615,15.4%,0.231
2000-06-01,0.41700000000000004,20.8%,0.375
2000-05-25,0.349,28.6%,0.365
2000-05-18,0.353,23.5%,0.41200000000000003
2000-05-11,0.302,44.2%,0.256
2000-05-04,0.348,30.4%,0.348
2000-04-27,0.613,24.2%,0.145
2000-04-20,0.637,13.7%,0.226
2000-04-13,0.519,18.5%,0.29600000000000004
2000-04-06,0.45799999999999996,33.3%,0.20800000000000002
2000-03-30,0.389,11.1%,0.5
2000-03-23,0.657,14.3%,0.2
2000-03-16,0.5,23.3%,0.267
2000-03-08,0.583,25.0%,0.16699999999999998
2000-03-02,0.36700000000000005,40.0%,0.233
2000-02-24,0.414,27.6%,0.31
2000-02-17,0.273,48.5%,0.242
2000-02-10,0.419,30.2%,0.27899999999999997
2000-02-03,0.511,24.4%,0.244
2000-01-27,0.537,25.9%,0.204
2000-01-20,0.5710000000000001,25.0%,0.179
2000-01-13,0.593,22.2%,0.185
2000-01-06,0.75,11.7%,0.133
1999-12-30,0.6,25.0%,0.15
1999-12-23,0.52,31.0%,0.17
1999-12-16,0.54,26.0%,0.2
1999-12-09,0.62,27.0%,0.11
1999-12-02,0.62,25.0%,0.13
1999-11-24,0.55,28.0%,0.17
1999-11-18,0.46,32.0%,0.22
1999-11-11,0.48,26.0%,0.26
1999-11-04,0.43,35.0%,0.22
1999-10-28,0.38,38.0%,0.24
1999-10-21,0.38,37.0%,0.25
1999-10-14,0.42,39.0%,0.19
1999-10-07,0.34,38.0%,0.28
1999-09-30,0.35,42.0%,0.23
1999-09-23,0.36,36.0%,0.28
1999-09-16,0.36,43.0%,0.21
1999-09-09,0.37,38.0%,0.25
1999-09-02,0.44,38.0%,0.18
1999-08-26,0.35,40.0%,0.25
1999-08-19,0.31,46.0%,0.23
1999-08-12,0.3,40.0%,0.3
1999-08-05,0.3,46.0%,0.24
1999-07-29,0.42,38.0%,0.2
1999-07-22,0.55,23.0%,0.22
1999-07-15,0.54,28.0%,0.18
1999-07-08,0.43,36.0%,0.21
1999-07-01,0.35,38.0%,0.27
1999-06-24,0.3,39.0%,0.31
1999-06-17,0.38,35.0%,0.27
1999-06-10,0.32,40.0%,0.28
1999-06-03,0.32,36.0%,0.32
1999-05-27,0.38,42.0%,0.2
1999-05-20,0.43,31.0%,0.26
1999-05-13,0.43,31.0%,0.26
1999-05-06,0.54,32.0%,0.14
1999-04-29,0.41,32.0%,0.27
1999-04-22,0.38,32.0%,0.3
1999-04-15,0.41,31.0%,0.28
1999-04-08,0.36,38.0%,0.26
1999-04-01,0.4,35.0%,0.25
1999-03-25,0.38,33.0%,0.29
1999-03-18,0.48,31.0%,0.21
1999-03-11,0.37,42.0%,0.21
1999-03-04,0.36,45.0%,0.19
1999-02-25,0.37,39.0%,0.24
1999-02-18,0.37,39.0%,0.24
1999-02-11,0.48,35.0%,0.17
1999-02-04,0.48,38.0%,0.14
1999-01-28,0.47,33.0%,0.2
1999-01-21,0.56,24.0%,0.2
1999-01-14,0.51,28.0%,0.21
1999-01-07,0.38,39.0%,0.23
1998-12-31,0.41,37.0%,0.22
1998-12-23,0.34,34.0%,0.32
1998-12-17,0.41,34.0%,0.25
1998-12-10,0.44,30.0%,0.26
1998-12-03,0.49,30.0%,0.21
1998-11-25,0.48,35.0%,0.17
1998-11-19,0.4,42.0%,0.18
1998-11-12,0.5,36.0%,0.14
1998-11-05,0.38,42.0%,0.2
1998-10-29,0.43,36.0%,0.21
1998-10-22,0.32,35.0%,0.33
1998-10-15,0.25,34.0%,0.41
1998-10-08,0.25,43.0%,0.32
1998-10-01,0.32,35.0%,0.33
1998-09-24,0.34,38.0%,0.28
1998-09-17,0.34,35.0%,0.31
1998-09-10,0.29,31.0%,0.4
1998-09-03,0.23,37.0%,0.4
1998-08-27,0.23,32.0%,0.45
1998-08-20,0.25,42.0%,0.33
1998-08-13,0.27,38.0%,0.35
1998-08-06,0.3,44.0%,0.26
1998-07-30,0.44,36.0%,0.2
1998-07-23,0.37,39.0%,0.24
1998-07-16,0.35,44.0%,0.21
1998-07-09,0.36,44.0%,0.2
1998-07-02,0.33,48.0%,0.19
1998-06-25,0.28,44.0%,0.28
1998-06-18,0.29,38.0%,0.33
1998-06-11,0.27,49.0%,0.24
1998-06-04,0.25,44.0%,0.31
1998-05-28,0.34,40.0%,0.26
1998-05-21,0.38,39.0%,0.23
1998-05-14,0.33,41.0%,0.26
1998-05-07,0.43,34.0%,0.23
1998-04-30,0.44,31.0%,0.25
1998-04-23,0.4,38.0%,0.22
1998-04-16,0.53,32.0%,0.15
1998-04-09,0.41,36.0%,0.23
1998-04-02,0.46,32.0%,0.22
1998-03-26,0.45,35.0%,0.2
1998-03-19,0.4,38.0%,0.22
1998-03-12,0.44,36.0%,0.2
1998-03-05,0.53,34.0%,0.13
1998-02-26,0.53,33.0%,0.14
1998-02-19,0.42,43.0%,0.15
1998-02-12,0.45,36.0%,0.19
1998-02-05,0.3,45.0%,0.25
1998-01-30,0.38,42.0%,0.2
1998-01-23,0.31,39.0%,0.3
1998-01-16,0.38,45.0%,0.17
1998-01-08,0.42,40.0%,0.18
1997-12-31,0.34,35.0%,0.31
1997-12-24,0.41,36.0%,0.23
1997-12-18,0.4,41.0%,0.19
1997-12-11,0.46,37.0%,0.17
1997-12-04,0.49,33.0%,0.18
1997-11-26,0.4,40.0%,0.2
1997-11-20,0.4,38.0%,0.22
1997-11-13,0.45,38.0%,0.17
1997-11-06,0.38,37.0%,0.25
1997-10-30,0.41,36.0%,0.23
1997-10-23,0.4,46.0%,0.14
1997-10-16,0.43,36.0%,0.21
1997-10-09,0.43,43.0%,0.14
1997-10-02,0.38,43.0%,0.19
1997-09-25,0.39,42.0%,0.19
1997-09-18,0.4,44.0%,0.16
1997-09-11,0.42,36.0%,0.22
1997-09-04,0.37,38.0%,0.25
1997-08-28,0.5,28.0%,0.22
1997-08-21,0.47,33.0%,0.2
1997-08-14,0.49,30.0%,0.21
1997-08-07,0.49,28.0%,0.23
1997-07-31,0.48,26.0%,0.26
1997-07-24,0.53,25.0%,0.22
1997-07-17,0.54,30.0%,0.16
1997-07-10,0.49,33.0%,0.18
1997-07-03,0.45,30.0%,0.25
1997-06-26,0.52,25.0%,0.23
1997-06-19,0.59,26.0%,0.15
1997-06-12,0.49,35.0%,0.16
1997-06-05,0.52,33.0%,0.15
1997-05-29,0.4,40.0%,0.2
1997-05-22,0.4,35.0%,0.25
1997-05-15,0.41,36.0%,0.23
1997-05-08,0.3,44.0%,0.26
1997-05-01,0.27,44.0%,0.29
1997-04-24,0.28,40.0%,0.32
1997-04-17,0.31,41.0%,0.28
1997-04-10,0.26,37.0%,0.37
1997-04-03,0.29,40.0%,0.31
1997-03-27,0.27,40.0%,0.33
1997-03-20,0.36,42.0%,0.22
1997-03-13,0.34,36.0%,0.3
1997-03-06,0.43,37.0%,0.2
1997-02-27,0.63,22.0%,0.15
1997-02-20,0.44,36.0%,0.2
1997-02-13,0.45,37.0%,0.18
1997-02-06,0.47,29.0%,0.24
1997-01-30,0.51,33.0%,0.16
1997-01-23,0.37,41.0%,0.22
1997-01-16,0.42,32.0%,0.26
1997-01-09,0.36,39.0%,0.25
1997-01-02,0.43,33.0%,0.24
1996-12-26,0.37,33.0%,0.3
1996-12-19,0.33,28.0%,0.39
1996-12-12,0.4,28.0%,0.32
1996-12-05,0.41,26.0%,0.33
1996-11-27,0.52,27.0%,0.21
1996-11-21,0.43,30.0%,0.27
1996-11-14,0.37,34.0%,0.29
1996-11-07,0.26,45.0%,0.29
1996-10-31,0.37,29.0%,0.34
1996-10-24,0.42,33.0%,0.25
1996-10-17,0.39,36.0%,0.25
1996-10-10,0.38,36.0%,0.26
1996-10-03,0.4,31.0%,0.29
1996-09-26,0.34,39.0%,0.27
1996-09-19,0.28,41.0%,0.31
1996-09-12,0.26,46.0%,0.28
1996-09-05,0.29,35.0%,0.36
1996-08-29,0.28,43.0%,0.29
1996-08-22,0.28,46.0%,0.26
1996-08-15,0.43,37.0%,0.2
1996-08-08,0.27,42.0%,0.31
1996-08-01,0.29,38.0%,0.33
1996-07-25,0.3,32.0%,0.38
1996-07-18,0.29,45.0%,0.26
1996-07-11,0.4,35.0%,0.25
1996-07-03,0.32,44.0%,0.24
1996-06-27,0.42,41.0%,0.17
1996-06-20,0.42,32.0%,0.26
1996-06-13,0.49,28.0%,0.23
1996-06-06,0.47,28.0%,0.25
1996-05-30,0.61,29.0%,0.1
1996-05-23,0.51,35.0%,0.14
1996-05-16,0.37,40.0%,0.23
1996-05-09,0.46,38.0%,0.16
1996-05-02,0.48,31.0%,0.21
1996-04-25,0.28,40.0%,0.32
1996-04-18,0.36,38.0%,0.26
1996-04-11,0.4,42.0%,0.18
1996-04-04,0.4,43.0%,0.17
1996-03-28,0.45,31.0%,0.24
1996-03-21,0.47,31.0%,0.22
1996-03-14,0.36,35.0%,0.29
1996-03-07,0.44,28.0%,0.28
1996-02-29,0.45,28.0%,0.27
1996-02-22,0.49,22.0%,0.29
1996-02-15,0.54,21.0%,0.25
1996-02-08,0.53,31.0%,0.16
1996-02-01,0.54,31.0%,0.15
1996-01-25,0.36,40.0%,0.24
1996-01-18,0.42,29.0%,0.29
1996-01-11,,,
1996-01-04,0.55,18.0%,0.27
1995-12-28,0.46,34.0%,0.2
1995-12-21,0.48,28.0%,0.24
1995-12-14,0.51,23.0%,0.26
1995-12-07,0.48,28.0%,0.24
1995-11-30,0.51,30.0%,0.19
1995-11-22,0.48,18.0%,0.34
1995-11-16,0.46,31.0%,0.23
1995-11-09,0.49,35.0%,0.16
1995-11-02,0.47,34.0%,0.19
1995-10-26,0.46,33.0%,0.21
1995-10-19,0.47,32.0%,0.21
1995-10-12,0.41,30.0%,0.29
1995-10-05,0.39,37.0%,0.24
1995-09-28,0.42,27.0%,0.31
1995-09-21,0.46,25.0%,0.29
1995-09-14,0.46,32.0%,0.22
1995-09-07,0.37,36.0%,0.27
1995-08-31,0.38,42.0%,0.2
1995-08-24,0.35,28.0%,0.37
1995-08-17,0.36,43.0%,0.21
1995-08-10,0.4,30.0%,0.3
1995-08-03,0.38,34.0%,0.28
1995-07-27,0.41,26.0%,0.33
1995-07-20,0.43,30.0%,0.27
1995-07-13,0.44,18.0%,0.38
1995-07-06,0.35,34.0%,0.31
1995-06-29,0.35,28.0%,0.37
1995-06-22,0.48,21.0%,0.31
1995-06-15,0.36,31.0%,0.33
1995-06-08,0.44,25.0%,0.31
1995-06-01,0.39,34.0%,0.27
1995-05-25,0.44,26.0%,0.3
1995-05-18,0.42,23.0%,0.35
1995-05-11,0.44,26.0%,0.3
1995-05-04,0.42,27.0%,0.31
1995-04-27,0.52,29.0%,0.19
1995-04-20,0.37,27.0%,0.36
1995-04-13,0.4,23.0%,0.37
1995-04-06,0.42,25.0%,0.33
1995-03-30,0.52,23.0%,0.25
1995-03-23,0.47,30.0%,0.23
1995-03-16,0.39,41.0%,0.2
1995-03-09,0.48,34.0%,0.18
1995-03-02,0.53,26.0%,0.21
1995-02-23,0.46,37.0%,0.17
1995-02-16,0.43,37.0%,0.2
1995-02-09,0.34,43.0%,0.23
1995-02-02,0.38,37.0%,0.25
1995-01-26,0.38,37.0%,0.25
1995-01-19,0.37,39.0%,0.24
1995-01-12,0.36,42.0%,0.22
1995-01-05,0.44,31.0%,0.25
1994-12-29,0.4,43.0%,0.17
1994-12-22,0.42,25.0%,0.33
1994-12-15,0.33,35.0%,0.32
1994-12-08,0.3,35.0%,0.35
1994-11-30,0.44,30.0%,0.26
1994-11-23,0.39,32.0%,0.29
1994-11-17,0.39,22.0%,0.39
1994-11-10,0.37,31.0%,0.32
1994-11-03,0.4,35.0%,0.25
1994-10-27,0.43,38.0%,0.19
1994-10-20,0.39,33.0%,0.28
1994-10-13,0.35,39.0%,0.26
1994-10-06,0.33,39.0%,0.28
1994-09-29,0.38,32.0%,0.3
1994-09-22,0.37,36.0%,0.27
1994-09-15,0.45,25.0%,0.3
1994-09-08,0.47,33.0%,0.2
1994-09-01,0.43,34.0%,0.23
1994-08-25,0.32,39.0%,0.29
1994-08-18,0.3,40.0%,0.3
1994-08-11,0.34,37.0%,0.29
1994-08-04,0.22,52.0%,0.26
1994-07-28,0.27,42.0%,0.31
1994-07-21,0.34,38.0%,0.28
1994-07-14,0.25,40.0%,0.35
1994-07-07,0.28,32.0%,0.4
1994-06-30,0.32,37.0%,0.31
1994-06-23,0.29,45.0%,0.26
1994-06-16,0.32,42.0%,0.26
1994-06-09,0.28,47.0%,0.25
1994-06-02,0.39,36.0%,0.25
1994-05-26,0.29,33.0%,0.38
1994-05-19,0.22,36.0%,0.42
1994-05-12,0.38,32.0%,0.3
1994-05-05,0.32,32.0%,0.36
1994-04-28,0.27,35.0%,0.38
1994-04-21,0.26,41.0%,0.33
1994-04-14,0.29,23.0%,0.48
1994-04-07,0.28,31.0%,0.41
1994-03-31,0.23,33.0%,0.44
1994-03-24,0.29,37.0%,0.34
1994-03-17,0.24,41.0%,0.35
1994-03-10,0.29,34.0%,0.37
1994-03-03,0.31,42.0%,0.27
1994-02-24,0.41,30.0%,0.29
1994-02-17,0.4,36.0%,0.24
1994-02-10,0.49,27.0%,0.24
1994-02-03,0.38,29.0%,0.33
1994-01-27,0.41,25.0%,0.34
1994-01-20,0.48,26.0%,0.26
1994-01-13,0.38,31.0%,0.31
1994-01-06,0.4,33.0%,0.27
1993-12-30,0.44,28.0%,0.28
1993-12-23,0.36,31.0%,0.33
1993-12-16,0.33,38.0%,0.29
1993-12-09,0.37,39.0%,0.24
1993-12-02,0.33,32.0%,0.35
1993-11-24,0.45,30.0%,0.25
1993-11-18,0.34,31.0%,0.35
1993-11-11,0.35,30.0%,0.35
1993-11-04,0.32,36.0%,0.32
1993-10-29,0.43,33.0%,0.24
1993-10-22,0.42,30.0%,0.28
1993-10-15,0.31,38.0%,0.31
1993-10-08,0.29,37.0%,0.34
1993-10-01,0.26,34.0%,0.4
1993-09-24,0.28,40.0%,0.32
1993-09-17,0.32,34.0%,0.34
1993-09-10,0.3,30.0%,0.4
1993-09-03,0.38,33.0%,0.29
1993-08-27,0.27,35.0%,0.38
1993-08-20,0.29,41.0%,0.3
1993-08-13,0.25,41.0%,0.34
1993-08-06,0.26,42.0%,0.32
1993-07-30,0.25,45.0%,0.3
1993-07-23,0.24,43.0%,0.33
1993-07-16,0.22,44.0%,0.34
1993-07-09,0.21,45.0%,0.34
1993-07-02,0.18,44.0%,0.38
1993-06-25,0.28,38.0%,0.34
1993-06-18,0.22,35.0%,0.43
1993-06-11,0.23,36.0%,0.41
1993-06-04,0.33,39.0%,0.28
1993-05-28,0.24,37.0%,0.39
1993-05-21,0.21,34.0%,0.45
1993-05-14,0.2,41.0%,0.39
1993-05-07,0.21,45.0%,0.34
1993-04-30,0.22,37.0%,0.41
1993-04-23,0.28,42.0%,0.3
1993-04-16,0.31,35.0%,0.34
1993-04-09,0.32,39.0%,0.29
1993-04-02,0.37,36.0%,0.27
1993-03-26,0.43,34.0%,0.23
1993-03-19,0.41,32.0%,0.27
1993-03-12,0.45,33.0%,0.22
1993-03-05,0.27,36.0%,0.37
1993-02-26,0.34,32.0%,0.34
1993-02-19,0.46,27.0%,0.27
1993-02-12,0.47,31.0%,0.22
1993-02-05,0.44,34.0%,0.22
1993-01-29,0.4,37.0%,0.23
1993-01-22,0.41,38.0%,0.21
1993-01-15,0.54,32.0%,0.14
1993-01-08,0.2,49.0%,0.31
1993-01-01,0.6,27.0%,0.13
1992-12-24,0.55,30.0%,0.15
1992-12-18,0.63,27.0%,0.1
1992-12-11,0.43,42.0%,0.15
1992-12-04,0.37,39.0%,0.24
1992-11-25,0.43,37.0%,0.2
1992-11-20,0.48,38.0%,0.14
1992-11-13,0.37,44.0%,0.19
1992-11-06,0.49,27.0%,0.24
1992-10-30,0.35,35.0%,0.3
1992-10-23,0.21,32.0%,0.47
1992-10-16,0.2,24.0%,0.56
1992-10-09,0.21,35.0%,0.44
1992-10-02,0.3,35.0%,0.35
1992-09-25,0.25,34.0%,0.41
1992-09-18,0.21,42.0%,0.37
1992-09-11,0.22,39.0%,0.39
1992-09-04,0.14,44.0%,0.42
1992-08-28,0.3,37.0%,0.33
1992-08-21,0.22,34.0%,0.44
1992-08-14,0.26,37.0%,0.37
1992-08-05,0.28,39.0%,0.33
1992-07-31,0.22,47.0%,0.31
1992-07-24,0.32,44.0%,0.24
1992-07-17,0.29,40.0%,0.31
1992-07-09,0.23,42.0%,0.35
1992-07-02,0.21,44.0%,0.35
1992-06-26,0.39,34.0%,0.27
1992-06-19,0.35,37.0%,0.28
1992-06-12,0.31,46.0%,0.23
1992-06-05,0.41,40.0%,0.19
1992-05-29,0.41,43.0%,0.16
1992-05-22,0.48,24.0%,0.28
1992-05-15,0.4,37.0%,0.23
1992-05-08,0.43,31.0%,0.26
1992-05-01,0.29,36.0%,0.35
1992-04-24,0.52,34.0%,0.14
1992-04-17,0.37,38.0%,0.25
1992-04-10,0.43,27.0%,0.3
1992-04-03,0.35,42.0%,0.23
1992-03-27,0.43,35.0%,0.22
1992-03-20,0.48,29.0%,0.23
1992-03-13,0.38,35.0%,0.27
1992-03-06,0.45,29.0%,0.26
1992-02-28,0.43,36.0%,0.21
1992-02-21,0.47,25.0%,0.28
1992-02-14,0.46,28.0%,0.26
1992-02-07,0.36,39.0%,0.25
1992-01-31,0.47,26.0%,0.27
1992-01-24,0.46,25.0%,0.29
1992-01-17,0.51,21.0%,0.28
1992-01-10,0.48,27.0%,0.25
1992-01-03,0.49,20.0%,0.31
1991-12-27,0.39,29.0%,0.32
1991-12-20,0.36,30.0%,0.34
1991-12-13,0.33,36.0%,0.31
1991-12-06,0.23,32.0%,0.45
1991-11-27,0.33,27.0%,0.4
1991-11-22,0.48,32.0%,0.2
1991-11-15,0.38,33.0%,0.29
1991-11-08,0.32,36.0%,0.32
1991-11-01,0.52,12.0%,0.36
1991-10-25,0.31,36.0%,0.33
1991-10-18,0.3,31.0%,0.39
1991-10-11,0.39,37.0%,0.24
1991-10-04,0.35,30.0%,0.35
1991-09-27,0.31,38.0%,0.31
1991-09-20,0.32,48.0%,0.2
1991-09-13,0.43,39.0%,0.18
1991-09-06,0.36,31.0%,0.33
1991-08-30,0.41,40.0%,0.19
1991-08-23,0.32,36.0%,0.32
1991-08-16,0.37,33.0%,0.3
1991-08-09,0.26,45.0%,0.29
1991-08-02,0.33,36.0%,0.31
1991-07-26,0.35,42.0%,0.23
1991-07-19,0.27,51.0%,0.22
1991-07-12,0.41,39.0%,0.2
1991-07-03,0.28,39.0%,0.33
1991-06-28,0.28,37.0%,0.35
1991-06-21,0.44,40.0%,0.16
1991-06-14,0.47,31.0%,0.22
1991-06-07,0.46,37.0%,0.17
1991-05-31,0.42,35.0%,0.23
1991-05-24,0.38,39.0%,0.23
1991-05-17,0.42,32.0%,0.26
1991-05-10,0.38,34.0%,0.28
1991-05-03,0.39,33.0%,0.28
1991-04-26,0.55,28.0%,0.17
1991-04-19,0.39,39.0%,0.22
1991-04-12,0.43,32.0%,0.25
1991-04-05,0.58,22.0%,0.2
1991-03-29,0.47,28.0%,0.25
1991-03-22,0.42,31.0%,0.27
1991-03-15,0.55,22.0%,0.23
1991-03-08,0.5,21.0%,0.29
1991-03-01,0.5,18.0%,0.32
1991-02-22,0.57,20.0%,0.23
1991-02-15,0.46,30.0%,0.24
1991-02-08,0.36,28.0%,0.36
1991-02-01,0.29,29.0%,0.42
1991-01-25,0.25,25.0%,0.5
1991-01-18,0.22,27.0%,0.51
1991-01-11,0.22,30.0%,0.48
1991-01-04,0.31,39.0%,0.3
1990-12-28,0.3,30.0%,0.4
1990-12-21,0.16,34.0%,0.5
1990-12-14,0.31,31.0%,0.38
1990-12-07,0.26,33.0%,0.41
1990-11-30,0.22,33.0%,0.45
1990-11-21,0.16,37.0%,0.47
1990-11-16,0.12,33.0%,0.55
1990-11-09,0.2,32.0%,0.48
1990-11-02,0.2,36.0%,0.44
1990-10-26,0.23,19.0%,0.58
1990-10-19,0.13,20.0%,0.67
1990-10-12,0.21,27.0%,0.52
1990-10-05,0.15,26.0%,0.59
1990-09-28,0.26,20.0%,0.54
1990-09-21,0.13,31.0%,0.56
1990-09-14,0.16,33.0%,0.51
1990-09-07,0.33,18.0%,0.49
1990-08-31,0.23,16.0%,0.61
1990-08-24,0.25,24.0%,0.51
1990-08-17,0.18,23.0%,0.59
1990-08-10,0.25,21.0%,0.54
1990-08-03,0.26,28.0%,0.46
1990-07-27,0.52,24.0%,0.24
1990-07-20,0.4,30.0%,0.3
1990-07-13,0.4,30.0%,0.3
1990-07-06,0.28,34.0%,0.38
1990-06-29,0.31,31.0%,0.38
1990-06-22,0.34,32.0%,0.34
1990-06-15,0.43,32.0%,0.25
1990-06-08,0.35,35.0%,0.3
1990-06-01,0.37,28.0%,0.35
1990-05-25,0.39,32.0%,0.29
1990-05-18,0.37,35.0%,0.28
1990-05-11,0.28,38.0%,0.34
1990-05-04,0.2,35.0%,0.45
1990-04-27,0.28,35.0%,0.37
1990-04-20,0.34,43.0%,0.23
1990-04-12,0.27,56.0%,0.17
1990-04-06,0.38,37.0%,0.25
1990-03-30,0.34,35.0%,0.31
1990-03-23,0.37,39.0%,0.24
1990-03-16,0.25,35.0%,0.4
1990-03-09,0.22,42.0%,0.36
1990-03-02,0.21,37.0%,0.42
1990-02-23,0.24,38.0%,0.38
1990-02-16,0.23,43.0%,0.34
1990-02-09,0.19,30.0%,0.51
1990-02-02,0.15,37.0%,0.48
1990-01-26,0.24,38.0%,0.38
1990-01-19,0.31,49.0%,0.2
1990-01-12,0.45,38.0%,0.17
1990-01-05,0.4,30.0%,0.3
1989-12-29,0.35,31.0%,0.34
1989-12-22,0.36,32.0%,0.32
1989-12-15,0.42,30.0%,0.28
1989-12-08,0.31,41.0%,0.28
1989-12-01,0.28,40.0%,0.32
1989-11-22,0.27,40.0%,0.33
1989-11-17,0.24,28.0%,0.48
1989-11-10,0.27,37.0%,0.36
1989-11-03,0.37,31.0%,0.32
1989-10-27,0.36,33.0%,0.31
1989-10-20,0.39,28.0%,0.33
1989-10-13,0.28,52.0%,0.2
1989-10-06,0.24,43.0%,0.33
1989-09-29,0.33,38.0%,0.29
1989-09-22,0.24,37.0%,0.39
1989-09-15,0.31,44.0%,0.25
1989-09-08,0.3,30.0%,0.4
1989-09-01,0.34,30.0%,0.36
1989-08-25,0.45,24.0%,0.31
1989-08-18,0.35,28.0%,0.37
1989-08-11,0.53,21.0%,0.26
1989-08-04,0.35,30.0%,0.35
1989-07-28,0.41,25.0%,0.34
1989-07-21,0.32,39.0%,0.29
1989-07-14,0.22,30.0%,0.48
1989-07-07,0.37,32.0%,0.31
1989-06-30,0.4,34.0%,0.26
1989-06-23,0.33,22.0%,0.45
1989-06-16,0.32,37.0%,0.31
1989-06-09,0.43,34.0%,0.23
1989-06-02,0.42,27.0%,0.31
1989-05-26,0.48,31.0%,0.21
1989-05-19,0.43,38.0%,0.19
1989-05-12,0.38,43.0%,0.19
1989-05-05,0.3,40.0%,0.3
1989-04-28,0.31,40.0%,0.29
1989-04-21,0.21,51.0%,0.28
1989-04-14,0.25,42.0%,0.33
1989-04-07,0.23,45.0%,0.32
1989-03-31,0.18,42.0%,0.4
1989-03-23,0.29,41.0%,0.3
1989-03-17,0.28,43.0%,0.29
1989-03-10,0.13,52.0%,0.35
1989-03-03,0.29,35.0%,0.36
1989-02-24,0.29,45.0%,0.26
1989-02-17,0.42,41.0%,0.17
1989-02-10,0.43,31.0%,0.26
1989-02-03,0.33,44.0%,0.23
1989-01-27,0.32,49.0%,0.19
1989-01-20,0.36,47.0%,0.17
1989-01-13,0.36,44.0%,0.2
1989-01-06,0.26,51.0%,0.23
1988-12-30,0.24,54.0%,0.22
1988-12-23,0.22,46.0%,0.32
1988-12-16,0.24,54.0%,0.22
1988-12-09,0.17,44.0%,0.39
1988-12-02,0.19,47.0%,0.34
1988-11-25,0.17,44.0%,0.39
1988-11-18,0.3,34.0%,0.36
1988-11-11,0.23,56.0%,0.21
1988-11-04,0.35,46.0%,0.19
1988-10-28,0.4,38.0%,0.22
1988-10-21,0.26,51.0%,0.23
1988-10-14,0.22,46.0%,0.32
1988-10-07,0.13,49.0%,0.38
1988-09-30,0.26,44.0%,0.3
1988-09-23,0.2,53.0%,0.27
1988-09-16,0.24,46.0%,0.3
1988-09-09,0.17,52.0%,0.31
1988-09-02,0.18,43.0%,0.39
1988-08-26,0.28,40.0%,0.32
1988-08-19,0.19,53.0%,0.28
1988-08-12,0.26,48.0%,0.26
1988-08-05,0.21,49.0%,0.3
1988-07-29,0.23,54.0%,0.23
1988-07-22,0.16,58.0%,0.26
1988-07-15,0.26,37.0%,0.37
1988-07-08,0.35,50.0%,0.15
1988-07-01,0.45,38.0%,0.17
1988-06-24,0.33,44.0%,0.23
1988-06-17,0.29,50.0%,0.21
1988-06-10,0.28,49.0%,0.23
1988-06-03,0.26,62.0%,0.12
1988-05-27,0.28,52.0%,0.2
1988-05-20,0.23,52.0%,0.25
1988-05-13,0.19,56.0%,0.25
1988-05-06,0.38,42.0%,0.2
1988-04-29,0.22,48.0%,0.3
1988-04-22,0.23,57.0%,0.2
1988-04-15,0.23,53.0%,0.24
1988-04-08,0.33,48.0%,0.19
1988-04-01,0.35,45.0%,0.2
1988-03-25,0.45,38.0%,0.17
1988-03-18,0.41,49.0%,0.1
1988-03-11,0.43,40.0%,0.17
1988-03-04,0.38,40.0%,0.22
1988-02-26,0.3,51.0%,0.19
1988-02-19,0.27,49.0%,0.24
1988-02-12,0.32,46.0%,0.22
1988-02-05,0.32,53.0%,0.15
1988-01-29,0.26,45.0%,0.29
1988-01-22,0.21,48.0%,0.31
1988-01-15,0.34,40.0%,0.26
1988-01-08,0.34,46.0%,0.2
1987-12-31,0.25,49.0%,0.26
1987-12-24,0.28,52.0%,0.2
1987-12-18,0.33,40.0%,0.27
1987-12-11,0.23,45.0%,0.32
1987-12-04,0.25,33.0%,0.42
1987-11-27,0.27,46.0%,0.27
1987-11-20,0.39,42.0%,0.19
1987-11-13,0.31,41.0%,0.28
1987-11-06,0.47,31.0%,0.22
1987-10-30,0.44,23.0%,0.33
1987-10-23,0.39,30.0%,0.31
1987-10-16,0.37,30.0%,0.33
1987-10-09,0.46,39.0%,0.15
1987-10-02,0.44,26.0%,0.3
1987-09-25,0.53,17.0%,0.3
1987-09-18,0.6,29.0%,0.11
1987-09-11,0.5,23.0%,0.27
1987-09-04,0.42,17.0%,0.41
1987-08-28,0.52,18.0%,0.3
1987-08-21,0.66,28.0%,0.06
1987-08-14,0.45,35.0%,0.2
1987-08-07,0.56,15.0%,0.29
1987-07-31,0.26,48.0%,0.26
1987-07-24,0.36,50.0%,0.14
