Date,Mean/Average,Most Bearish Response,Quart 1 (25% at/below),Quart 2 (median),Quart 3 (25% at/above),Most Bullish Response,Standard Deviation,NAAIM Number,S&P 500
11/5/2022,24.31,-100,0,4,50,200,58.81,24.31,3935.18
4/5/2022,31.76,-70,0,20,72.5,100,45.33,31.76,4300.17
27/04/2022,46.25,-100,5,50,73.375,200,69.22,46.25,4175.2
20/04/2022,74.05,16,50,80,93.75,112,28.88,74.05,4459.45
13/04/2022,63.29,-8,50,75,86.75,100,31.86,63.29,4446.59
6/4/2022,83.41,22,55,80,98.9375,200,40.35,83.41,4481.15
30/03/2022,79.72,40,62.5,80,100,105,21.67,79.72,4602.45
23/03/2022,52.69,-150,30,70,100,125,65.23,52.69,4456.24
16/03/2022,46.68,-100,0,50,85,200,60.48,46.68,4357.86
9/3/2022,42.58,-200,10,50,80,200,70.96,42.58,4170.7
2/3/2022,30.3,-200,0,50,75,100,72.26,30.3,4386.54
23/02/2022,44.41,-150,0,47,85,200,71.64,44.41,4225.5
16/02/2022,53.49,-200,30,65,80,200,72.38,53.49,4475.01
9/2/2022,66.8,0,37.5,85,100,121.25,40.53,66.8,4587.18
2/2/2022,62.54,0,20,60,90,200,49.17,62.54,4589.38
26/01/2022,53.39,-100,0,70,100,200,66.22,53.39,4349.93
19/01/2022,56.73,-125,20,75,91.25,200,76.22,56.73,4577.11
12/1/2022,74.78,-150,80,100,100,150,66.02,74.78,4726.35
5/1/2022,89.54,0,78.625,100,100,200,42,89.54,4700.58
29/12/2021,85.71,0,61.25,100,100,150,38.94,85.71,4793.06
22/12/2021,67.02,0,21.25,66.125,100,200,51.45,67.02,4696.56
15/12/2021,52.22,-100,11.5,50,100,200,61.89,52.22,4634.09
8/12/2021,69.46,-100,48.5,100,100,200,78.33,69.46,4701.21
1/12/2021,87.87,-17,60,100,100,200,59.91,87.87,4567
24/11/2021,103.14,0,97.5,100,112.4375,200,46.63,103.14,4690.7
17/11/2021,102.54,0,100,100,115.0625,200,47.38,102.54,4688.67
10/11/2021,103.69,15,97.25,100,109.25,200,43.41,103.69,4646.71
3/11/2021,107.99,50,89,100,108.5,200,37.31,107.99,4630.65
27/10/2021,103.35,65,85.0625,100,100,200,33.03,103.35,4551.68
20/10/2021,98.02,50,87.5,100,100,200,33.46,98.02,4519.63
13/10/2021,64.46,-100,47.5,82.5,100,115.25,52.37,64.46,4363.8
6/10/2021,68.6,0,25,60,100,200,51.09,68.6,4345.72
29/09/2021,55.02,-100,2.5,52.5,100,200,72.13,55.02,4359.46
22/09/2021,77.7,0,52.25,82.625,100,200,47.37,77.7,4354.19
15/09/2021,87.02,0,60,100,100,200,47.86,87.02,4480.7
8/9/2021,84.68,20,45,100,100,200,43.85,84.68,4520.03
1/9/2021,93.95,25,81.3125,100,100,200,39.24,93.95,4524.09
25/08/2021,92.83,20,80,100,100,200,37.95,92.83,4486.23
18/08/2021,70.57,-50,35,90,100,200,58.22,70.57,4400.27
11/8/2021,97.55,25,80,100,102.6875,200,38.54,97.55,4447.7
4/8/2021,97.72,25,85,100,105.375,200,41.16,97.72,4402.66
28/07/2021,78.39,-50,72.75,92.5,100,150,43.07,78.39,4400.64
21/07/2021,71.04,0,50,77,100,200,48.75,71.04,4358.69
14/07/2021,93.27,25,76.25,90,100,200,37.85,93.27,4374.3
7/7/2021,82.54,0,52.5,87.875,100,200,42.66,82.54,4358.13
30/06/2021,91.72,0,80.375,100,100,200,38.18,91.72,4297.5
23/06/2021,70.86,-50,57.5,80.375,100,130,42.79,70.86,4246.44
16/06/2021,98.52,50,80,100,103.88,200,34.16,98.52,4223.7
9/6/2021,79.65,0,60,100,100,150,38.92,79.65,4219.55
2/6/2021,82.27,0,60,100,100,150,35.83,82.27,4208.12
26/05/2021,68.3,0,55,80,99.5,100,35.12,68.3,4195.99
19/05/2021,44.21,0,6.25,45,71.25,110.75,35.25,44.21,4115.68
12/5/2021,46.86,-50,0,50,82.5,106.25,44.2,46.86,4063.04
5/5/2021,87.79,0,66.375,100,100,200,50,87.79,4167.59
28/04/2021,103.72,0,85.375,100,105,200,43.65,103.72,4183.18
21/04/2021,95.6,0,80.25,99,100,200,39.06,95.6,4173.42
14/04/2021,96.57,0,80,100,100,200,39.59,96.57,4124.66
7/4/2021,89.85,50,66,80,100,200,35.16,89.95,4079.95
31/03/2021,52.02,0,0,80,100,100,47.49,52.02,3972.89
24/03/2021,57.52,0,5,75,90,119.75,42.24,57.52,3889.14
17/03/2021,78.55,0,80,95,100,100,33.98,78.55,3974.12
10/3/2021,48.62,-100,0,75,97.5,100,54.1,48.62,3898.81
3/3/2021,65.37,-100,20,80,100,200,62.65,65.37,3819.72
24/02/2021,84.99,0,62.5,87.5,100,200,48.64,84.99,3925.43
17/02/2021,108.32,0,89.81,100,122.5,200,44.76,108.32,3931.33
10/2/2021,110.28,80,100,100,100,200,29.44,110.28,3909.88
3/2/2021,79.15,0,50,89.75,100,200,50.88,79.15,3830.17
27/01/2021,83.51,-50,70,89.75,100,200,53.82,83.51,3750.77
20/01/2021,112.93,75,100,100,119.75,200,36.46,112.93,3851.85
13/01/2021,106.76,50,89.81,100,107.5,200,39.85,106.76,3809.84
6/1/2021,94.51,0,80,100,101.25,200,39.11,94.51,3748.14
30/12/2020,82.97,0,65.25,88.25,100,200,47.07,82.97,3732.04
23/12/2020,89.11,0,80,100,100,200,44.19,89.11,3690.01
16/12/2020,101.47,0,88.75,100,116.13,200,42.33,101.47,3701.17
9/12/2020,106.11,0,89.88,100,100,200,40.98,106.11,3672.82
2/12/2020,103.17,0,90,100,100,200,38.9,103.17,3669.01
25/11/2020,106.74,0,86.5,100,130,200,44.54,106.74,3635.41
18/11/2020,106.41,-12,93.19,100,107.5,200,44.54,106.41,3567.79
11/11/2020,96.3,0,70,100,137.5,200,50.26,96.3,3572.66
4/11/2020,69.2,0,35,75,100,200,49.7,69.2,3443.44
28/10/2020,77.87,0,50,80,100,200,49.64,77.87,3271.03
21/10/2020,87.07,-6,80,100,100,200,42.48,87.07,3435.56
14/10/2020,102.93,0,92.38,100,100,200,41.56,102.93,3488.67
7/10/2020,73.05,-100,57.5,81.25,100,200,63.41,73.05,3419.45
30/09/2020,58.25,-100,0,65,100,200,62.62,58.25,3363
23/09/2020,55.3,-200,0,62.5,100,200,82.7,55.3,3236.92
16/09/2020,59.3,-100,0,65,100,200,71.73,59.3,3385.49
9/9/2020,53.09,-100,0,63,98.75,200,60.47,53.09,3398.96
2/9/2020,94.71,50,76,100,100,200,35.47,94.71,3580.84
26/08/2020,106.56,50,90,100,100,200,38.44,106.56,3478.73
19/08/2020,100.13,0,83.75,100,100,200,42.31,100.13,3374.85
12/8/2020,101.2,50,87.25,100,100,200,29.1,101.2,3380.35
5/8/2020,94.55,-5,87.5,100,100,200,49.4,94.55,3306.51
29/07/2020,97.44,17,87.25,100,100,200,36.13,97.44,3218.44
22/07/2020,97.88,50,75.75,100,100,200,33.91,97.88,3276.02
15/07/2020,90.53,0,61,100,100,200,49.38,90.53,3226.56
8/7/2020,85.09,0,52,87.5,100,200,50.49,85.09,3169.94
1/7/2020,71.47,-50,55,80,100,200,52.64,71.47,3115.86
24/06/2020,76.57,-15,50,75,100,200,43.91,76.57,3050.33
17/06/2020,88.25,11,74.25,94,100,200,37.33,88.25,3113.49
10/6/2020,77.48,-75,70,80,100,200,54.73,77.48,3190.14
3/6/2020,91.6,-20,80.5,100,105.5,150,36.69,91.6,3122.87
27/05/2020,81.65,0,50,76,100,200,43.17,81.65,3036.13
20/05/2020,63.22,-50,50,65,83.75,200,51.08,63.22,2971.61
13/05/2020,57.71,-9,20,50,76,200,49.3,57.71,2820
6/5/2020,67.95,0,47.5,66,85,200,41.07,67.95,2848.42
29/04/2020,78.55,-32,52.5,78,100,200,41.89,78.55,2939.51
22/04/2020,45.34,-100,0,50,80,200,57.95,45.34,2799.31
15/04/2020,28.71,-100,0,35,76,100,56.57,28.71,2783.36
8/4/2020,26.74,-100,0,25,40,100,44.54,26.74,2749.98
1/4/2020,23.67,-100,0,20.5,50,100,40.64,23.67,2470.5
25/03/2020,25.87,-32,0,15,50,100,34.05,25.87,2475.56
18/03/2020,10.65,-150,0,10,25,100,42.67,10.65,2398.1
11/3/2020,16.59,-200,0,10,39,100,58.88,16.59,2741.38
4/3/2020,29.03,-200,0,50,98.75,120,72.71,29.03,3130.12
26/02/2020,65.03,-100,20,75,100,200,69.72,65.03,3116.39
19/02/2020,87.91,0,74,99.38,100,200,35.15,87.91,3363.95
12/2/2020,86.08,0,72.5,100,100,200,37.59,86.08,3379.45
5/2/2020,62.49,-100,42.5,89.38,100,150,57.84,62.49,3334.69
29/01/2020,77.07,-100,59,100,100,200,57.93,77.07,3273.4
22/01/2020,93.75,39,90,100,100,150,21.13,93.75,3321.75
15/01/2020,89.47,0,75,100,100,150,37.35,89.47,3289.29
8/1/2020,94.16,0,90.75,100,100,200,40.66,94.16,3253.05
1/1/2020,86.99,17,75.75,100,100,137,32.42,86.99,3230.78
25/12/2019,97.44,0,99.69,100,100,140,29.16,97.44,3223.38
18/12/2019,98.9,13,94.38,100,100,200,35.82,98.9,3191.14
11/12/2019,78.71,-30,65,98.75,100,200,50.69,78.71,3141.63
4/12/2019,77.8,-30,36,99,100,200,56.13,77.8,3112.76
27/11/2019,76.66,0,60,90,100,150,41.28,76.66,3140.52
20/11/2019,78.23,-30,70,100,100,200,52.05,78.23,3108.46
13/11/2019,72.25,-30,52.5,85,100,200,49.68,72.25,3094.04
6/11/2019,92.26,0,78.5,94.38,100,200,35.5,92.26,3076.78
30/10/2019,88.94,-30,71.25,90,100,200,39.58,88.94,3046.77
23/10/2019,65.67,-15,50,75,100,125,38.35,65.67,3004.52
16/10/2019,57.08,-200,60,80,95.38,100,67.4,57.08,2989.69
9/10/2019,57.32,-100,30,75,90,200,57.1,57.32,2919.4
2/10/2019,57.39,-200,7.5,75,100,200,78.3,57.39,2940.25
25/09/2019,64.85,-50,31.25,75,97.5,200,53.22,64.85,2966.6
18/09/2019,77.09,-50,42.5,90,100,200,62.04,77.09,3006.73
11/9/2019,75.76,-50,44.5,80,100,200,58.2,75.76,3000.93
4/9/2019,56.15,-100,50,70,93.05,134,53.29,56.15,2937.78
28/08/2019,59.99,-100,37.5,70,100,200,66.01,59.99,2887.94
21/08/2019,70.18,-100,61,82.5,100,200,60.34,70.18,2900.51
14/08/2019,58.08,-50,0,80,100,134,49.29,58.08,2840.6
7/8/2019,56.59,-100,0,80,100,200,61.58,56.59,2883.98
31/07/2019,91.41,0,85,100,100,200,41.31,91.41,2980.38
24/07/2019,95.75,-20,90,100,100,200,37.93,95.75,3005.47
17/07/2019,81.85,-100,80,98.75,100,200,53.98,81.85,3004.04
10/7/2019,87.34,0,68.75,95,100,200,35.63,87.34,2979.63
3/7/2019,79.36,-30,68.75,92.5,100,150,37.46,79.36,2973.01
26/06/2019,72.28,-100,54.75,90,100,200,56.56,72.28,2913.78
19/06/2019,74.91,0,64.5,77.5,99.06,100,25.39,74.91,2926.46
12/6/2019,74.26,-30,52.5,81,99.69,150,36.67,74.26,2879.84
5/6/2019,54.99,-150,50,68,92.5,134,57.55,54.99,2826.15
29/05/2019,59.69,-200,46.5,75,100,200,76.66,59.69,2802.39
22/05/2019,70.07,-50,64.25,80,99.69,100,38.76,70.07,2856.27
15/05/2019,72.82,-100,64,87.5,100,200,54.45,72.82,2850.96
8/5/2019,82.02,-150,89,95,100,200,63.69,82.02,2879.42
1/5/2019,89.8,-30,72.5,90,100,200,43.11,89.8,2923.73
24/04/2019,92.43,-30,90,100,100,200,38.32,92.43,2927.25
17/04/2019,93.37,40,82,100,100,200,29.9,93.37,2900.45
10/4/2019,88.9,-30,65,100,100,200,44.35,88.9,2888.21
3/4/2019,91.92,9,80,100,100,200,37.44,91.92,2867.24
27/03/2019,61.69,-50,38.75,72.5,100,200,58.85,61.69,2805.37
20/03/2019,78.25,-50,62,90,100,200,57.44,78.25,2832.57
13/03/2019,77.4,-30,52.5,88.5,100,200,50.84,77.4,2810.92
6/3/2019,73.9,-30,52.5,83.5,98.75,200,51.87,73.9,2771.45
27/02/2019,79.33,-24,50,80,96.43,200,48.78,79.33,2792.38
20/02/2019,77.86,-20,57.5,80,98.5,200,46.58,77.86,2784.7
13/02/2019,82.01,-20,60,85,100,200,40.51,82.01,2744.73
6/2/2019,83.39,-8,60,92,100,200,42.17,83.39,2737.7
30/01/2019,76.33,0,52.5,80,100,200,46.03,76.33,2681.05
23/01/2019,72.84,-5,50,70,100,200,45.67,72.84,2638.7
16/01/2019,75.51,0,45,67.5,100,200,51.01,75.51,2616.1
9/1/2019,66.8,0,6,70,99.5,200,60.63,66.8,2584.96
2/1/2019,59.43,-25,10,60,100,200,53.3,59.43,2506.85
26/12/2018,47.59,0,0,40,82.5,200,50.7,47.59,2467.7
19/12/2018,31.96,-100,0,18,62.5,200,63.86,31.96,2506.96
12/12/2018,55.51,0,2.5,49.5,94.44,200,50.14,55.51,2651.07
5/12/2018,61.96,-100,27.5,75,100,200,61.26,61.96,2700.06
28/11/2018,53.21,0,19.25,50,92.81,120,39.99,53.21,2743.79
21/11/2018,30.55,-200,2.5,30,79,130,73.89,30.55,2641.89
14/11/2018,35.13,-100,7,45,60,107,48.37,35.13,2722.18
7/11/2018,64.96,0,50,80,85,100,33.59,64.96,2813.89
31/10/2018,61.47,0,45,62.5,85,130,38.96,61.47,2711.74
24/10/2018,51.49,-200,22.5,62.5,92.5,150,72.86,51.49,2656.1
18/10/2018,67.76,-5,50,70,100,200,45.19,67.76,2809.21
10/10/2018,52.86,-133,16.5,50,92.5,200,64.94,52.86,2785.68
3/10/2018,84.49,0,60.25,82.5,100,200,43.37,84.49,2925.51
26/09/2018,90.73,0,65,90,100,200,44.58,90.73,2905.97
19/09/2018,83.92,0,59.75,90,100,200,38.02,83.92,2907.95
12/9/2018,90.19,20,75,97,100,200,37.62,90.19,2888.92
5/9/2018,85.01,0,66.25,97.5,100,200,43.57,85.01,2888.6
29/08/2018,98.3,30,80,100,100,200,38.53,98.3,2914.04
22/08/2018,86.46,40,70,82.5,100,200,31.73,86.46,2861.82
15/08/2018,78.27,0,52.5,80,100,200,38.94,78.27,2818.37
8/8/2018,87.68,28,75,95,100,200,32.78,87.6,2857.7
1/8/2018,76.36,0,50,77.5,100,200,40.45,76.36,2813.36
25/07/2018,84.96,0,78.75,95,100,200,39.16,84.96,2820.4
18/07/2018,82.01,0,62.5,87.5,100,200,38.82,82.01,2815.62
11/7/2018,88.56,0,72.5,91,100,200,38.47,88.56,2774.02
4/7/2018,76.38,0,53.75,72,99.5,200,46.74,76.38,2713.22
27/06/2018,85.06,0,70,95.13,100,200,39,85.06,2699.63
20/06/2018,89.2,0,80,95.25,100,200,34.5,89.2,2767.32
13/06/2018,103.93,35,85,95.25,100,200,41.63,103.93,2775.63
6/6/2018,91.67,11,70,90,100,200,34.51,91.67,2772.35
30/05/2018,82.24,0,55,75,100,200,39.76,82.24,2724.01
23/05/2018,83.95,-100,70,90,100,200,53.99,83.95,2733.29
16/05/2018,85.43,-100,77.5,93.5,100,200,54.33,85.43,2722.46
9/5/2018,69.82,0,50,62.5,96.5,200,39.55,69.82,2697.79
2/5/2018,52.56,-100,36.25,68,91.25,200,68.15,52.56,2635.67
25/04/2018,64.2,-100,36.25,62.5,91.75,200,63.14,64.2,2639.4
18/04/2018,77.64,0,65,79,100,200,38.98,77.64,2708.64
11/4/2018,65.12,0,45,65,97,200,48.61,65.12,2656.87
4/4/2018,55.57,-100,0,67,96,200,58.83,55.57,2644.69
28/03/2018,49.36,-100,0,63.5,95,200,66.57,49.36,2605
21/03/2018,77.28,-50,50,90,100,200,50.12,77.28,2711.93
14/03/2018,85.35,0,67.5,90,100,200,34.69,85.35,2749.48
7/3/2018,72.05,-100,50,84,100,200,53.35,72.05,2726.8
28/02/2018,81,0,64,84.5,100,200,34.54,81,2713.83
21/02/2018,62.69,-100,50,85,95.5,100,50.17,62.69,2701.33
14/02/2018,65.43,-100,47,85,98.5,200,55.52,65.43,2698.63
7/2/2018,75.9,0,53.75,82,100,200,44.02,75.9,2681.66
31/01/2018,84.93,-100,74.5,98.75,100,200,53.07,84.93,2823.81
24/01/2018,95.38,0,95,100,100,175,29.33,95.38,2837.54
17/01/2018,86.34,0,80,96.88,100,133,27.71,86.34,2802.56
10-Jan-18,88.88,0,87,95,100,133,25.4,88.88,2748.23
3-Jan-18,90.4,0,89.75,100,100,133.75,25.36,90.4,2713.06
27-Dec-17,96.29,0,87,100,100,200,34.64,96.29,2682.62
20-Dec-17,101.85,55,85,95,100,200,36.62,101.85,2679.25
13-Dec-17,120.56,75,95,100,130,200,44.56,120.56,2662.85
6-Dec-17,89.84,-100,78.5,96.5,100,200,48.44,89.84,2629.57
29-Nov-17,97.34,0,67.5,95,100,200,47.38,97.34,2626.07
22-Nov-17,88.37,0,85,95,100,133.75,27.31,88.37,2599.03
15-Nov-17,78.51,-150,70,100,100,200,68.59,78.51,2578.87
8-Nov-17,87.23,0,80,98,100,160,34.74,87.23,2594.38
1-Nov-17,83.08,-100,61.25,90.5,100,200,57.91,83.08,2579.36
25-Oct-17,91.37,-100,66,100,100,200,64.26,91.37,2557.15
18-Oct-17,95.38,0,85,100,100,175,38.42,95.38,2561.26
11-Oct-17,95.84,0,72.5,100,108.4375,200,47.7,95.84,2550.64
4-Oct-17,109.2,80,88,100,115,175,29.22,109.2,2534.58
27-Sep-17,106.63,85,93,97,105,170,25.85,106.63,2507.04
20-Sep-17,102.04,40,77.5,95.5,100,200,42.84,102.04,2508.24
13-Sep-17,97.13,0,71.75,98.375,100,200,45.25,97.13,2498.37
6-Sep-17,88.66,0,66.5,90,100,200,52.28,88.66,2465.54
30-Aug-17,84.08,0,50,85,100,200,46.31,84.08,2457.59
23-Aug-17,87.93,0,62.5,85,100,190,41.2,87.93,2444.04
16-Aug-17,85.19,0,56.25,88,100,180,35.52,85.19,2468.11
9-Aug-17,83.82,0,60,90,100,200,42.6,83.82,2474.2
2-Aug-17,90.95,0,79,98,100,200,42.98,90.95,2477.57
26-Jul-17,96.39,0,85,100,100,200,50.26,96.39,2477.13
19-Jul-17,85.82,0,80,95,100,200,41.82,85.82,2473.83
12-Jul-17,90.99,0,85,99,100,175,32.99,90.99,2443.25
5-Jul-17,93.36,0,78,98,100,200,38.94,93.36,2429.01
28-Jun-17,97.47,-50,85,100,100,200,51.63,97.47,2440.69
21-Jun-17,92.69,-50,84.5,100,100,200,46.29,92.69,2435.61
14-Jun-17,93.37,0,85,95,100,200,37.4,93.37,2437.92
7-Jun-17,92.1,0,78.75,89,100,200,40.95,92.1,2433.14
31-May-17,95.86,0,74,95,100,200,48.39,95.86,2411.8
24-May-17,97.49,0,83.75,100,100,200,43.07,97.49,2404.39
17-May-17,94.62,-100,82,100,100,200,57,94.62,2357.03
10-May-17,95.2,0,78,95,100,200,45.4,95.2,2399.63
3-May-17,82.31,0,75,96,100,200,43.62,82.31,2388.13
26-Apr-17,88.09,-150,77,100,100,200,59.38,88.09,2387.45
19-Apr-17,74.2,-150,70,97,100,175,59.96,74.2,2338.17
12-Apr-17,82.95,-150,77.5,100,100,200,65.17,82.95,2344.93
5-Apr-17,71.02,-150,52.5,85,100,200,64.78,71.02,2360.16
29-Mar-17,68.28,-150,52.5,85,100,200,64.36,68.28,2358.57
22-Mar-17,68.68,-100,50,82,100,150,49.66,68.68,2348.45
15-Mar-17,80.77,-25,57.5,87.5,100,175,44.97,80.77,2365.45
8-Mar-17,87.09,0,65,99,100,177,33.99,87.09,2362.98
1-Mar-17,102.07,0,95,100,100,200,40.98,102.07,2395.96
22-Feb-17,100.83,0,85,100,100,200,47.31,100.83,2365.38
15-Feb-17,95.89,0,83.75,100,100,200,46.4,95.89,2349.25
8-Feb-17,96.26,0,80.25,100,100,200,37.2,96.26,2294.67
1-Feb-17,94.02,0,80,100,100,200,35.21,94.02,2279.55
25-Jan-17,99.28,0,80,99,100,200,38.13,99.28,2298.37
18-Jan-17,94.09,0,85,100,100,200,37.74,94.09,2271.89
11-Jan-17,89.29,0,69,93.5,100,200,36.19,89.29,2275.32
4-Jan-17,99.43,0,82.5,100,102.5,200,41.37,99.43,2270.75
28-Dec-16,100.6,25,81.25,99,100,200,40.56,100.6,2263.79
21-Dec-16,101.33,30,90,100,100,200,31.32,101.33,2265.18
14-Dec-16,96.23,-50,75.75,99.5,100,200,51.23,96.23,2253.28
7-Dec-16,101.6,0,90,100,100,200,44.57,101.6,2241.35
30-Nov-16,98.02,5,87.5,100,100,200,33.81,98.02,2198.81
23-Nov-16,86.56,5,69,91.75,100,150,31.9,86.56,2204.72
15-Nov-16,83.42,-50,67.5,98.5,100,200,45.03,83.42,2176.94
9-Nov-16,72.96,-150,45,95,100,200,70.25,72.96,2163.26
2-Nov-16,58.08,-150,29,77.5,100,200,81.97,58.08,2097.94
26-Oct-16,66.47,-150,50,90,100,200,73.2,66.47,2139.43
19-Oct-16,63.7,-150,45,90,100,200,79.94,63.7,2144.29
12-Oct-16,86.53,-100,70.5,90,100,200,57.79,86.53,2139.18
5-Oct-16,78.49,-50,65,95,100,200,61.21,78.49,2159.73
28-Sep-16,84.52,-50,69.25,94.25,100,200,48.9,84.52,2171.37
21-Sep-16,79.31,-50,69,93.5,100,185,53.63,79.31,2163.12
14-Sep-16,68.55,-100,37.25,96.75,100,200,74.81,68.55,2125.77
7-Sep-16,90.85,-20,73.2,100,100,200,45.87,90.85,2186.48
31-Aug-16,88.1,-50,71,100,100,200,50.59,88.1,2176.12
24-Aug-16,97.8,0,76,100,100,200,52.85,97.8,2175.44
17-Aug-16,98.79,36.8,77.5,100,100,200,38.35,98.79,2178.15
10-Aug-16,92.86,0,75,95,100,200,44.68,92.86,2181.74
3-Aug-16,93.05,0,70,95,100,200,40.9,93.05,2157.03
27-Jul-16,101.02,0,87.5,100,100,200,38.76,101.02,2169.18
20-Jul-16,92.64,-50,70,98,100,200,47.64,92.64,2173.02
13-Jul-16,96.52,-100,80,100,100,200,55.47,96.52,2152.43
6-Jul-16,65.43,-100,50,72,100,155,59.46,65.43,2099.73
29-Jun-16,74.52,-150,64,80,100,200,61.15,74.52,2070.77
22-Jun-16,69.35,-150,39.9,95,100,200,73.15,69.35,2085.45
15-Jun-16,75.96,-150,50,99,100,200,74.11,75.96,2071.5
8-Jun-16,74.8,-150,60,95,100,200,67.61,74.8,2119.12
1-Jun-16,68.94,-150,53.75,87.5,100,200,58.2,68.94,2099.33
25-May-16,64.67,-150,25.75,77.5,100,200,65.84,64.67,2090.54
18-May-16,60.17,-150,38.05,77.5,100,200,66.03,60.17,2047.63
11-May-16,49.55,-100,7,60,98.75,150,60.33,49.55,2064.46
4-May-16,67.66,-100,33,82.5,100,200,63.56,67.66,2051.12
27-Apr-16,74.19,-50,45.8,87.5,100,200,56.06,74.19,2095.15
20-Apr-16,82.5,-100,57.5,95,100,200,59.27,82.5,2102.4
13-Apr-16,63.97,-100,50,67,100,200,52.27,63.97,2082.42
6-Apr-16,73.21,-50,50,71.25,100,200,44.99,73.21,2066.66
30-Mar-16,67.94,-100,46.25,67.5,100,200,51.17,67.94,2063.95
23-Mar-16,59.59,-100,32.625,62.5,98.75,200,55.94,59.59,2036.71
16-Mar-16,62.72,-50,33.5,62.5,97.5,200,47.47,62.72,2027.22
9-Mar-16,51.01,-50,20.5,50,75,200,49.35,51.01,1989.26
2-Mar-16,54.44,-100,25,50,90,200,56.22,54.44,1986.45
24-Feb-16,31.65,-100,0,34.4,59,200,57.39,31.65,1929.8
17-Feb-16,41.05,-9,0,45,65,150,38.55,41.05,1926.82
10-Feb-16,32.87,-100,0,27.5,50,200,53.13,32.87,1851.86
3-Feb-16,22.41,-50,0,5,49.5,100,31.78,22.41,1912.53
27-Jan-16,42.25,0,0,38,62.75,150,41.41,42.25,1882.85
13-Jan-16,34.5,-150,5,50,69.2,200,64.93,34.5,1890.28
6-Jan-16,50.26,-150,6.25,57.5,83.75,200,66.59,50.26,1990.26
30-Dec-15,47.67,-150,18.75,60,80,200,60.95,47.67,2063.36
23-Dec-15,56.66,-150,47,66,95,200,58.63,56.66,2064.29
16-Dec-15,61.32,-150,28,70,92.5,200,64.68,61.32,2073.07
9-Dec-15,67.92,-36,30,80,100,200,49.78,67.92,2047.62
2-Dec-15,68.12,-50,40.25,75,100,200,53.48,68.12,2079.51
25-Nov-15,70.45,-50,56,74.4,95,150,34.74,70.45,2089.14
18-Nov-15,58.47,-100,48.3,63,95,200,58.42,58.47,2083.58
11-Nov-15,68.58,-50,50,75,97.9,200,53.11,68.58,2075
4-Nov-15,69.16,-100,50,75,99.75,200,51.18,69.16,2102.31
28-Oct-15,56.71,-100,25,50,95,200,57.37,56.71,2090.35
21-Oct-15,35.67,-50,0,33,60,150,45.35,35.67,2018.94
14-Oct-15,44.27,-100,0,27.5,83.75,200,67.17,44.27,1994.24
7-Oct-15,38.3,-50,0,22,70,200,56.83,38.3,1995.83
30-Sep-15,16.39,-150,0,25,38.5,200,58.08,16.39,1920.03
23-Sep-15,21.34,-100,0,19,48.6,150,51.72,21.34,1938.76
16-Sep-15,31.57,-100,0,25,55,150,43.81,31.57,1995.31
9-Sep-15,26.04,-67,0,18,51.25,150,39.81,26.04,1942.04
2-Sep-15,23.85,-100,0,19.5,51.0375,150,45.74,23.85,1913.85
26-Aug-15,28.31,-150,0,27.5,63.75,100,54.44,28.31,1867.61
19-Aug-15,41.48,-150,0,50,80.45,175,56.91,41.48,2079.61
12-Aug-15,48.08,-150,1.5,50,82,200,62.19,48.08,2086.05
5-Aug-15,63.17,-150,48.75,76,100,200,63.08,63.17,2099.84
29-Jul-15,50.75,-150,1.5,64,82.5,200,65.01,50.75,2108.57
22-Jul-15,52.34,-150,16.75,68.5,89.25,200,69.12,52.34,2114.15
15-Jul-15,52.24,-150,50,69,81.23,200,62.88,52.24,2107.4
8-Jul-15,54.99,-150,21.25,62.5,86.5,200,64.15,54.99,2046.68
1-Jul-15,54.84,-150,34.75,63.8,90,200,60.13,54.84,2077.42
24-Jun-15,58.96,-150,42,75,85.35,200,58.05,58.96,2108.58
17-Jun-15,58.64,-150,45,75,89.87,100,51.06,58.64,2100.44
10-Jun-15,68.7,-150,50,86,100,200,58.29,68.7,2105.2
3-Jun-15,71.07,-150,63.65,81,100,200,58.57,71.07,2114.07
27-May-15,65.5,-150,50,80,100,200,59.14,65.5,2123.48
20-May-15,67.61,-150,50,80,100,200,55.76,67.61,2125.85
13-May-15,60.38,-150,50,82.98,97,100,54.76,60.38,2098.48
6-May-15,80.3,-50,63,87,100,200,56.96,80.3,2089.46
29-Apr-15,90.6,0,80,100,100,200,34.27,90.6,2114.76
22-Apr-15,75.88,-200,69.75,90,100,165,59.57,75.88,2107.96
15-Apr-15,86.67,0,77.5,94,100,200,40.54,86.67,2106.63
8-Apr-15,86.73,0,80,95,100,150,28.29,86.73,2081.9
1-Apr-15,75.86,-100,71.25,85,100,200,54.5,75.86,2059.69
25-Mar-15,84.32,0,72.5,90,100,175,30.96,84.32,2061.05
11-Mar-15,65.68,-200,40.25,74.5,98.75,200,67.38,65.68,2044.16
4-Mar-15,92.15,-50,76.25,98.5,100,200,48.21,92.15,2098.53
25-Feb-15,99.23,-50,81,100,107.75,200,45.4,99.23,2113.86
18-Feb-15,87.81,0,73.75,92,100,200,42.56,87.81,2099.68
11-Feb-15,84.05,0,68,93.5,100,200,37.01,84.05,2068.53
4-Feb-15,88.24,0,72.5,95.135,100,200,44.06,88.24,2041.51
28-Jan-15,92.62,0,72.5,95,100,200,39.2,92.62,2002.16
21-Jan-15,89.01,-100,70,99,100,200,52.55,89.01,2032.12
14-Jan-15,87.13,-50,66.25,84,100,200,53.38,87.13,2011.27
7-Jan-15,71.11,-200,62.5,85,100,200,73.52,71.11,2025.9
31-Dec-14,95.86,0,72.5,100,103.2625,200,43.31,95.86,2080.35
24-Dec-14,90.59,0,75,95,100,180,32.71,90.59,2082.17
17-Dec-14,65.12,-125,50,80,99.5,200,61.82,65.12,2012.89
10-Dec-14,89.01,-100,70,99,100,200,52.55,89.01,2026.14
3-Dec-14,86.06,-100,70,90,100,200,53.37,86.06,2074.33
25-Nov-14,86.78,-200,80,100,107.86,200,64.44,86.78,2067.03
19-Nov-14,72.06,-125,52.5,77.5,99.0425,200,54.69,72.06,2048.72
12-Nov-14,85.43,-125,65.5,86.5,100,200,59.75,85.43,2038.25
5-Nov-14,77.68,-125,60,80,100,200,62.91,77.68,2023.57
29-Oct-14,74.78,-125,50,80,96,200,65.53,74.78,1982.3
22-Oct-14,41.38,-200,10,50,81,150,62.31,41.38,1927.11
15-Oct-14,9.97,-200,0,30,50,85,67.69,9.97,1862.49
8-Oct-14,33.14,-150,17.75,50,63.75,200,66.57,33.14,1968.89
1-Oct-14,41.03,-125,14,50,83.75,200,66.81,41.03,1946.16
24-Sep-14,59.76,-125,50,66,91.735,200,55.54,59.76,1998.3
17-Sep-14,67.08,-125,50,75,95,200,49.13,67.08,2001.57
10-Sep-14,63.63,-125,46.25,75,95,200,57.33,63.63,1995.69
3-Sep-14,82.49,-100,55.5,80,100,202.2,59.21,82.49,2000.72
27-Aug-14,78.84,-50,61.25,86.5,100,200,47.66,78.84,2000.12
20-Aug-14,56.77,-125,29.25,68,85.19,200,62.56,56.77,1986.51
13-Aug-14,50.61,-125,27.25,62.5,82.25,100,45.92,50.61,1946.72
6-Aug-14,50.87,-125,35,50,80,200,51.8,50.87,1920.24
30-Jul-14,81.62,-50,70,89,100,150,34.47,81.62,1970.07
23-Jul-14,82.75,-50,70,91.5,100,170,39.31,82.75,1987.01
16-Jul-14,81.91,-50,67.75,97.5,100,150,44.72,81.91,1981.57
9-Jul-14,82.47,0,64.5,100,100,150,35.06,82.47,1972.83
2-Jul-14,85.48,-50,67,95,100,200,47.5,85.48,1974.62
25-Jun-14,88.15,-100,70,100,109.48,200,60.45,88.15,1959.53
18-Jun-14,88.59,-50,68.75,97.5,100,200,44.31,88.59,1956.98
11-Jun-14,87.3,0,70,95,100,200,38.37,87.3,1943.89
4-Jun-14,90.86,0,67.5,90,100,200,42.35,90.86,1927.88
28-May-14,72.52,-125,52.75,87.5,100,200,56.38,72.52,1909.78
21-May-14,67.23,-125,50,75,100,177,46.93,67.23,1888.03
14-May-14,78.18,0,58.75,81.5,100,177,30.36,78.18,1888.53
7-May-14,76.81,-9,50,78,100,177,37.4,76.81,1867.12
30-Apr-14,82.63,-50,59.25,85,100,210,45.8,82.63,1878.33
23-Apr-14,76.58,-50,60,80,100,167,35.38,76.58,1875.39
16-Apr-14,75.92,0,55,75,100,167,35.61,75.92,1862.31
9-Apr-14,85.21,0,66,90,100,150,31.32,85.21,1872.18
2-Apr-14,91.43,-50,65,85,100,200,44.19,91.43,1890.9
26-Mar-14,91.12,30,71.25,95.5,100,175,30.02,91.12,1852.56
19-Mar-14,89.84,0,70,97,100,200,38.47,89.84,1860.77
18-Mar-14,67.77,-200,57.5,80,100,200,62.43,67.77,2099.5
12-Mar-14,85.2,-50,71.5,94.775,100,160,38.59,85.2,1868.2
5-Mar-14,89.06,15,76.25,97.795,100,162,28.18,89.06,1873.81
26-Feb-14,91.62,40,77.5,90,100,200,32.17,91.62,1845.16
19-Feb-14,75.95,-125,60,80,100,200,53.89,75.95,1840.76
12-Feb-14,73.26,-125,60,80,100,150,50.46,73.26,1819.26
5-Feb-14,50.97,-125,31.25,55,80,135,48.9,50.97,1751.64
29-Jan-14,70.94,-125,65,82,100,120,48.68,70.94,1774.2
22-Jan-14,95.13,10,86,100,100,170,33.28,95.13,1844.86
15-Jan-14,96.83,15,95,100,100,170,33.54,96.83,1848.38
8-Jan-14,92.27,0,91,100,100,170,36.87,92.27,1837.49
2-Jan-14,95.03,25,90.5,100,100,165,29.44,95.03,1831.98
26-Dec-13,98.94,50,95,100,100,165,25.49,98.94,1842.02
18-Dec-13,94.35,0,89.75,100,100,165,29.56,94.35,1810.65
11-Dec-13,100.69,0,86.5,100,118.975,165,35.63,100.69,1782.22
4-Dec-13,94.75,0,87.25,100,100,163,30.23,94.75,1792.81
27-Nov-13,101.45,50,95,100,106.555,163,26.85,101.45,1807.23
20-Nov-13,87.43,-100,73.25,100,100,150,47.32,87.43,1781.37
13-Nov-13,80.67,-100,72.5,98,100,150,53.72,80.67,1782
6-Nov-13,84.81,0,62,100,100,150,29.76,84.81,1762.97
30-Oct-13,94.59,-5,87.5,100,100,150,29.66,94.59,1763.31
23-Oct-13,79.37,-100,64,95,100,150,46.05,79.37,1746.38
16-Oct-13,82.05,5,56.25,100,100,130,30.4,82.05,1721.54
9-Oct-13,54.26,-125,45,50,97.5,150,64.65,54.26,1655.45
2-Oct-13,73.13,-150,52.5,92.5,100,150,55.27,73.13,1693.87
25-Sep-13,80.47,-100,55,100,100,150,48.28,80.47,1692.77
18-Sep-13,62.48,0,42.5,70,95,100,32.05,62.48,1725.52
11-Sep-13,66.75,0,43.75,67.5,96.25,125,31.1,66.75,1689.13
4-Sep-13,42.26,-100,30,50,69.5,100,44.32,42.26,1653.08
28-Aug-13,46.92,-100,40,50,77.25,125,45.74,46.92,1634.96
21-Aug-13,34.76,-100,31,50,60,125,56.53,34.76,1642.8
14-Aug-13,69.85,-70,50,70.5,88.75,200,42.7,69.85,1685.39
7-Aug-13,75.7,20,50,75,97.5,150,30.24,75.7,1697.37
31-Jul-13,74.05,-125,64.5,95,100,150,54.48,74.05,1685.73
24-Jul-13,87.5,15,75,95,100,200,33.44,87.5,1692.39
17-Jul-13,61.73,-125,50,78.5,100,107.5,53.11,61.73,1680.91
10-Jul-13,47.08,-125,23.75,47.5,90,200,55.88,47.08,1652.62
3-Jul-13,39.91,-50,20,40,59,100,35.22,39.91,1615.41
26-Jun-13,34.21,-125,19.75,37.5,52.25,150,49.3,34.21,1603.26
19-Jun-13,51.53,-125,30,50,90,130,49.42,51.53,1628.93
12-Jun-13,61.9,-125,41,60,98.69,200,54.21,61.9,1612.52
5-Jun-13,51.58,-125,30,50,90,200,58.97,51.58,1608.9
29-May-13,77.19,-125,62.5,95,100,155,58.2,77.19,1648.36
22-May-13,82.02,-125,71,92.5,100,166,47.22,82.02,1655.35
15-May-13,84.23,-2,65,95,100,166,35.52,84.23,1658.78
8-May-13,79.11,-125,71.5,95,100,165,54.93,79.11,1625.96
1-May-13,80.61,0,55,75,100,165,37.94,80.61,1597.57
24-Apr-13,69.9,-125,50,70,100,200,58.8,69.9,1578.79
17-Apr-13,69.63,-125,50,80,100,170,53.35,69.63,1574.57
10-Apr-13,77.25,-125,56.25,84.5,100,170,52.12,77.25,1587.73
3-Apr-13,72.71,-125,56.25,87.5,100,170,61.57,72.71,1553.69
27-Mar-13,80.06,0,55,87,100,170,40.66,80.06,1562.85
20-Mar-13,79.77,0,68,80,100,150,32.61,79.77,1558.71
13-Mar-13,85.64,0,68,95,100,170,42.82,85.64,1554.52
6-Mar-13,90.15,-50,71,97,100,170,40.09,90.15,1541.46
27-Feb-13,82.77,-35,55,89.5,107.375,160,48.4,82.77,1515.99
20-Feb-13,91.07,-10,70.25,99,102.25,160,38.08,91.07,1530.94
13-Feb-13,89.85,-2,80,99,100,162,38.39,89.85,1519.43
6-Feb-13,94.06,-2,75,100,100,190,40.08,94.06,1512.12
30-Jan-13,104.25,60,85.25,97.5,110,180,32.24,104.25,1507.84
23-Jan-13,86.38,-125,66,95,100,190,53.95,86.38,1494.81
16-Jan-13,84.67,-200,67.75,97.5,100,200,60.85,84.67,1472.63
9-Jan-13,83.27,-100,65,90,100,150,43.59,83.27,1461.02
2-Jan-13,75.98,-125,59.25,77.5,100,200,53.25,75.98,1462.42
26-Dec-12,88.1,0,67,85,100,200,44.51,88.1,"1,419.83"
19-Dec-12,80.19,-100,62.5,81.5,100,200,49.81,80.19,"1,435.81"
12-Dec-12,82.91,0,51.5,80,100,200,40.87,82.91,"1,427.84"
5-Dec-12,75.71,-125,51,85,100,200,53.95,75.71,"1,409.28"
28-Nov-12,55.19,-125,20,70,100,150,58.26,55.19,"1,409.93"
21-Nov-12,64.2,-25,40,50,100,170,42.98,64.2,"1,391.03"
14-Nov-12,67.22,-125,23.75,77.5,99.65,170,64.79,67.22,"1,355.49"
7-Nov-12,57.95,-125,40,65,90,170,57.54,57.95,"1,428.39"
31-Oct-12,75.11,-125,50,85,100,200,59.22,75.11,"1,412.16"
24-Oct-12,64.39,-125,50,70,95,170,59.78,64.39,"1,408.75"
17-Oct-12,65.38,-160,48.75,85.5,100,170,71.78,65.38,"1,460.91"
10-Oct-12,64.59,-125,30,80,100,175,66.48,64.59,"1,432.56"
3-Oct-12,76.03,-125,50.75,95,100,200,57.27,76.03,"1,445.75"
26-Sep-12,69.75,-125,48,80,100,175,56.02,69.75,"1,441.59"
19-Sep-12,81.19,-125,70,95,102.5,175,52.94,81.19,"1,461.05"
12-Sep-12,72.99,-125,60,76,100,170,50.12,72.99,"1,433.56"
5-Sep-12,77.43,-125,55,80,100,200,50.15,77.43,"1,403.44"
29-Aug-12,82.89,-10,60,80,100,200,40.67,82.89,"1,410.49"
22-Aug-12,69.21,-125,40,80,100,200,59.57,69.21,"1,413.17"
15-Aug-12,76.26,-75,53.75,85,100,175,42.6,76.26,"1,403.93"
8-Aug-12,70.75,-30,45,80,97,163,39.42,70.75,"1,401.35"
1-Aug-12,67.8,-125,40,70,95,200,53.94,67.8,"1,379.32"
25-Jul-12,74.39,0,33,65,100,200,50.01,74.39,"1,338.31"
18-Jul-12,67.74,-125,47.5,70,92.5,200,52.76,67.74,"1,363.67"
11-Jul-12,61.85,-125,37.1025,60,89.75,200,53.62,61.85,"1,341.47"
5-Jul-12,63.28,-125,46,60,83.5,180,49.21,63.28,"1,367.58"
27-Jun-12,44.84,-125,30,50,64.5,200,48.14,44.84,"1,319.99"
20-Jun-12,52.33,-125,32.5,53,70,200,45.66,52.33,"1,355.69"
13-Jun-12,43.63,-10,22.5,40,62.16,125,29.53,43.63,"1,314.88"
6-Jun-12,49.32,0,25,50,60,140,34.96,49.32,"1,315.13"
30-May-12,28.65,-125,0,36.5,57.1,110,46.73,28.65,"1,313.32"
23-May-12,31.78,-125,13,40,50,135,45.5,31.78,"1,318.86"
16-May-12,58.71,0,36.5,50,87,200,41.36,58.71,"1,324.80"
9-May-12,64.21,-125,40,50,94.75,200,54.14,64.21,"1,354.58"
2-May-12,63.68,-125,43.75,67.5,95,175,50.54,63.68,"1,405.82"
25-Apr-12,48.31,-125,25,50,82.5,150,56.77,48.31,"1,390.69"
18-Apr-12,46.14,-125,33.75,50,77.5,175,56.9,46.14,"1,385.14"
11-Apr-12,51.93,-125,31.25,50,92.25,150,53.21,51.93,"1,368.71"
4-Apr-12,69.82,-50,50,70,100,150,38.55,69.82,"1,398.96"
28-Mar-12,71.97,-29,50,75,100,150,40.6,71.97,"1,405.54"
21-Mar-12,68.64,-125,55,75,99,155,47.06,68.64,"1,405.52"
14-Mar-12,71.79,-125,50,80,100,175,47.8,71.79,"1,394.28"
7-Mar-12,57.37,-200,40,53.5,96,150,56.66,57.37,"1,352.63"
29-Feb-12,73.78,-50,60,77,100,155,36.76,73.78,"1,365.68"
22-Feb-12,76.28,-60,50,87.5,100,150,37.17,76.28,"1,362.21"
15-Feb-12,73,-35,50,75,100,175,36.23,73,"1,343.23"
8-Feb-12,72.66,-40,50,72,100,150,36.82,72.66,"1,349.96"
1-Feb-12,67.52,-75,50,75,100,125,39.38,67.52,"1,324.09"
25-Jan-12,56.33,-125,40,65,100,125,53.51,56.33,"1,326.05"
18-Jan-12,52.5,-100,30.75,60,90.5,125,49.05,52.5,"1,308.04"
11-Jan-12,49.34,-125,35,50,84,100,47.07,49.34,"1,292.48"
4-Jan-12,43.14,-125,28.75,47.5,60.5,140,41.4,43.14,"1,277.30"
28-Dec-11,43.56,-50,30,45,54,100,28.56,43.56,"1,249.64"
21-Dec-11,36.62,-125,23.6575,42.5,50,110,39.52,36.62,"1,243.72"
14-Dec-11,35.69,-125,19.5,38.5,50,175,48.2,35.69,"1,211.82"
7-Dec-11,34.8,-125,11.25,40,58.75,100,43.66,34.8,"1,261.01"
30-Nov-11,30.02,-125,0,34,50,130,42.22,30.02,"1,246.96"
23-Nov-11,34.77,-125,8.3375,34.5,50,150,45.87,34.77,"1,188.04"
16-Nov-11,54,-125,30,60,85,150,52,54,"1,236.91"
9-Nov-11,44.05,-125,8,52,80,130,55.69,44.05,"1,229.10"
2-Nov-11,45.43,-125,18.75,50,85,150,55.32,45.43,"1,237.90"
26-Oct-11,38.12,-125,25,50,66.5,100,45.23,38.12,"1,242.00"
19-Oct-11,21.32,-125,0,23.5,47.75,100,40.92,21.32,"1,209.88"
12-Oct-11,0,-200,-3.75,12.5,34.25,70,58.88,0,"1,207.25"
5-Oct-11,-3.56,-200,0,0,16,130,54.52,-3.56,"1,144.03"
28-Sep-11,4.18,-125,0,0,26.25,90,38.97,4.18,"1,151.06"
21-Sep-11,27.9,-125,0,11,50,190,51,27.9,"1,166.76"
14-Sep-11,26.78,-125,0,10,50,200,50.57,26.78,"1,188.68"
7-Sep-11,25.31,-125,0,15,50,120,46.85,25.31,"1,198.62"
31-Aug-11,22.19,-140,0,15,50,100,44.78,22.19,"1,218.89"
24-Aug-11,20.17,-125,0,15,45,100,40.4,20.17,"1,177.60"
17-Aug-11,28.78,-125,0,20,50,200,47.52,28.78,"1,193.89"
10-Aug-11,21.4,-125,0,14.5,50,100,42.05,21.4,"1,120.76"
3-Aug-11,32.87,-125,0,42,60,150,50.44,32.87,"1,260.34"
27-Jul-11,62.7,-55,40,50,89.5,200,42.65,62.7,"1,304.89"
20-Jul-11,66.31,-125,47.5,66,95.5,200,49.79,66.31,"1,325.84"
13-Jul-11,53.93,-125,40,55,95,150,53.48,53.93,"1,317.72"
6-Jul-11,50.39,-170,32,55,84,150,57.9,50.39,"1,339.22"
29-Jun-11,31.98,-140,0,35,60,150,54,31.98,"1,307.41"
22-Jun-11,29.28,-125,0,28.5,54.75,117,48.13,29.28,"1,287.14"
15-Jun-11,25.95,-125,0,25,50,155,54.88,25.95,"1,265.42"
8-Jun-11,42.79,-125,27.25,50,72.5,167,58.56,42.79,"1,279.56"
1-Jun-11,52.86,-100,40,60,77.5,170,47.06,52.86,"1,314.55"
25-May-11,58.93,-125,45,60,85,200,56.87,58.93,"1,320.47"
18-May-11,68.41,-100,45,80,100,200,57.02,68.41,"1,340.68"
11-May-11,74.66,-125,50,85,100,200,51.78,74.66,"1,342.08"
4-May-11,76.13,-50,55,75,100,175,47.87,76.13,"1,347.32"
27-Apr-11,81.9,0,50,82.5,100,200,43.74,81.9,"1,355.66"
20-Apr-11,82.95,0,62.25,82.5,100,200,41.72,82.95,"1,330.36"
13-Apr-11,80.63,0,60,78,100,200,38.73,80.63,"1,314.41"
6-Apr-11,80.79,0,59,80,100,200,39.17,80.79,"1,335.54"
30-Mar-11,70.92,0,50,72,95,160,33.44,70.92,"1,328.26"
23-Mar-11,50.83,-100,18.75,50,83.75,160,54.67,50.83,"1,297.54"
16-Mar-11,41,-200,21.25,50,80,160,64.32,41,"1,256.88"
9-Mar-11,75.34,-10,58.5,77.5,95,165,34.89,75.34,"1,320.02"
2-Mar-11,70.92,-100,50,75,100,160,43.94,70.92,"1,308.44"
23-Feb-11,68.13,-100,48.75,79,100,160,53.94,68.13,"1,307.40"
16-Feb-11,83.73,-50,70,97,100,160,39.53,83.73,"1,336.32"
9-Feb-11,86.28,0,70,96.5,100,165,36.24,86.28,"1,302.88"
2-Feb-11,82.13,0,62.5,91.5,100,160,37.3,82.13,"1,304.03"
26-Jan-11,76.18,-50,56.25,95,100,150,44.56,76.18,"1,296.63"
19-Jan-11,70.83,-100,50,85,100,150,48.2,70.83,"1,281.92"
12-Jan-11,76.88,0,50,85.5,100,150,34.52,76.88,"1,285.96"
5-Jan-11,78.51,-50,55,90,100,140,36,78.51,"1,276.56"
29-Dec-10,80.21,20,55,85,100,150,25.87,80.21,"1,259.78"
22-Dec-10,81.83,-40,70,92.5,100,130,30.94,81.83,"1,258.84"
15-Dec-10,74.74,-125,72.5,90,100,150,48.88,74.74,"1,235.23"
8-Dec-10,63.11,-125,50,82.5,100,145,56.85,63.11,"1,228.28"
1-Dec-10,62.47,-200,50,81.5,100,200,71.4,62.47,"1,206.07"
24-Nov-10,66.67,-200,50,85,100,200,68.73,66.67,"1,198.35"
17-Nov-10,66.59,-125,50,80,100,200,64.71,66.59,"1,178.59"
11-Nov-10,71.46,-200,65,97,100,200,73.63,71.46,"1,218.71"
3-Nov-10,69.47,-125,42.5,77.5,100,200,57.6,69.47,"1,197.96"
27-Oct-10,57.66,-200,50,75,96.25,175,74.05,57.66,"1,182.45"
20-Oct-10,72.17,-125,50,80,100,175,54.04,72.17,"1,178.17"
13-Oct-10,67.14,-125,50,80,100,170,55.01,67.14,"1,178.10"
6-Oct-10,76.42,-125,50,77.5,100,200,59.69,76.42,"1,159.97"
29-Sep-10,68.26,-125,42.5,66,95,200,65.97,68.26,"1,144.73"
22-Sep-10,55.29,-150,36.25,55,87.25,200,74.43,55.29,"1,134.28"
15-Sep-10,42.3,-200,22,50,85,155,73.39,42.3,"1,125.07"
8-Sep-10,48.26,-200,24,50,78.75,180,72.42,48.26,"1,098.87"
1-Sep-10,52.78,-125,20,50,80,200,62.56,52.78,"1,080.29"
25-Aug-10,43.94,-60,20,50,66.25,200,55.91,43.94,"1,055.33"
18-Aug-10,56.08,-125,42.75,50,78.75,155,53.95,56.08,"1,094.16"
11-Aug-10,54.68,-125,30,60,90,200,70.17,54.68,"1,089.47"
4-Aug-10,59.11,-125,28.75,60,100,200,58.52,59.11,"1,127.24"
28-Jul-10,50.21,-125,22,40,96,200,63.65,50.21,"1,106.13"
21-Jul-10,45.33,-125,17,40,65,200,55.5,45.33,"1,069.59"
14-Jul-10,49.85,-125,21.5,50,80,200,52.38,49.85,"1,095.17"
7-Jul-10,13.47,-200,0,25,50,100,60.79,13.47,"1,060.27"
30-Jun-10,36.05,-125,10,40,50,200,51.88,36.05,"1,030.71"
23-Jun-10,54.24,-125,25,50,85,200,59.38,54.24,"1,092.04"
16-Jun-10,30.42,-200,13.25,37.5,65.25,130,60.17,30.42,"1,114.61"
9-Jun-10,34.76,-125,8.5,30,61.25,200,50.57,34.76,"1,055.69"
2-Jun-10,27.05,-200,13.75,27.5,50,110,55.84,27.05,"1,098.38"
26-May-10,40.67,-50,15,27.5,53.75,200,45.44,40.67,"1,067.95"
19-May-10,40.38,-125,6,35,72.5,200,65.24,40.38,"1,115.05"
12-May-10,42.39,-200,20.75,52.5,85,160,67.42,42.39,"1,171.67"
5-May-10,67.89,-125,40,71,100,200,73.78,67.89,"1,165.87"
28-Apr-10,83.91,0,51,80,100,200,46.03,83.91,"1,191.36"
21-Apr-10,81.64,0,50,80,100,200,42.33,81.64,"1,205.94"
14-Apr-10,77.22,-100,52.25,90,100,150,45.15,77.22,"1,210.65"
7-Apr-10,85.91,-50,51,95,107.5,200,50.04,85.91,"1,182.45"
31-Mar-10,83.26,0,50.5,95,100,200,46.37,83.26,"1,169.43"
24-Mar-10,76.45,-125,50,80,100,200,57.76,76.45,"1,167.72"
17-Mar-10,77.3,-100,50,95,100,200,55.5,77.3,"1,166.21"
10-Mar-10,51.19,-200,35,70,100,150,68.95,51.19,"1,145.61"
3-Mar-10,54.89,-125,30,50,82.5,200,61.02,54.89,"1,118.79"
24-Feb-10,44.55,-125,18,50,80,200,61,44.55,"1,105.24"
17-Feb-10,36.51,-200,22.5,50,70,140,59.03,36.51,"1,099.51"
10-Feb-10,21.76,-200,0,30,58.75,160,68.82,21.76,"1,068.13"
3-Feb-10,33.18,-200,7.5,47,79,160,68.48,33.18,1097.28
27-Jan-10,61.91,-125,30,70,90,200,66.11,61.91,1097.5
20-Jan-10,63.83,-200,47.5,76.5,100,200,79.25,63.83,1138.04
13-Jan-10,72.97,-125,45,85,100,200,57.83,72.97,1145.68
6-Jan-10,70.65,-125,50,80,100,200,54.77,70.65,1137.14
30-Dec-09,74.56,-50,38.5,75,100,200,53.7,74.56,1126.42
23-Dec-09,61.08,-200,35,72.5,100,160,65.36,61.08,1120.59
16-Dec-09,75.57,-50,40,82,100,200,53.68,75.57,1109.18
9-Dec-09,68.74,-50,36,65,100,200,56.95,68.74,1095.95
2-Dec-09,82.19,10,50,77.5,100,200,49.33,82.19,1109.24
25-Nov-09,67.07,-100,35,68,100,200,56.69,67.07,1110.63
18-Nov-09,65.56,0,22.25,77.5,96.25,150,44.76,65.56,1109.8
11-Nov-09,69.21,-100,50,65,100,200,53.91,69.21,1098.51
4-Nov-09,64.94,-50,23.75,71.5,100,200,61.13,64.94,1046.5
28-Oct-09,74.68,-50,40,80,100,200,64.6,74.68,1042.63
21-Oct-09,77.83,-80,50,85,100,200,52.23,77.83,1081.4
14-Oct-09,74.38,-200,50,80,100,200,61.73,74.38,1092.02
7-Oct-09,67.86,-200,50,75,100,200,71.4,67.86,1057.58
30-Sep-09,86.41,20,50,77.5,98.75,200,49.48,86.41,1057.08
23-Sep-09,80.64,-50,50,77.5,100,200,53.32,80.64,1060.87
16-Sep-09,68,-200,50,75,97.5,200,63.59,68,1068.76
9-Sep-09,63.06,-200,40,70,100,200,63.36,63.06,1033.37
2-Sep-09,54.71,-200,25,50,95,200,81.41,54.71,994.75
26-Aug-09,55.21,-200,35,50,80,200,71.14,55.21,1028.12
19-Aug-09,31.22,-200,0,40,70,200,76.39,31.22,996.46
12-Aug-09,51.56,-50,19.25,50,72.5,200,54.17,51.56,1005.81
5-Aug-09,69,0,40,67.5,98.5,200,44.58,69,1002.72
29-Jul-09,37.41,-200,20,47.5,68.75,150,61.37,37.41,975.15
22-Jul-09,37.38,-200,0,45,73,140,57.65,37.38,954.07
15-Jul-09,22.61,-150,0,16,55,120,52.81,22.61,932.68
8-Jul-09,21.65,-200,0,20,60,200,64.16,21.65,879.56
1-Jul-09,35.67,-75,0,30,65,200,54.89,35.67,923.33
24-Jun-09,27.97,-200,0,38.5,65,200,66.26,27.97,900.94
17-Jun-09,49.92,-50,10.5,50,65,200,52.63,49.92,910.71
10-Jun-09,64.81,0,33.75,65,88.75,200,44.47,64.81,939.15
3-Jun-09,51.46,-200,30,53,85,200,65.16,51.46,931.76
27-May-09,40.34,-200,18,50,75,150,56.58,40.34,906.83
20-May-09,50.41,-50,15,50,80,200,45.67,50.41,903.47
13-May-09,56.82,-25,20,50,75,200,50.71,56.82,883.92
6-May-09,33.19,-200,5,40,57.5,200,67.14,33.19,919.53
29-Apr-09,35.76,-200,0,47,75,200,67.77,35.76,873.64
22-Apr-09,22.67,-200,0,29,50,120,65.51,22.67,843.55
15-Apr-09,41.61,-100,10.75,45,55.5,200,48.42,41.61,852.06
8-Apr-09,35.3,-200,5,38,50,200,59.14,35.3,825.16
1-Apr-09,18.85,-200,0,25,50,125,67.93,18.85,811.08
25-Mar-09,47.75,-50,15.75,50,60,200,49.16,47.75,813.88
18-Mar-09,9.97,-200,0,15,36.25,100,50.63,9.97,794.35
11-Mar-09,4.23,-200,0,5,17.5,100,51,4.23,721.36
4-Mar-09,2.15,-200,0,0,22.5,100,48.8,2.15,712.87
25-Feb-09,13.35,-200,0,15,37.25,100,46.38,13.35,764.9
18-Feb-09,25.97,-40,0,15,45,200,49.84,25.97,788.42
11-Feb-09,24.14,-50,0,10,45.5,200,42.69,24.14,833.74
4-Feb-09,17.8,-100,0,20,39,100,33.09,17.8,832.23
28-Jan-09,20.22,-200,0,25,50,100,49.01,20.22,874.09
21-Jan-09,19.67,-200,0,32,50,100,51.04,19.67,840.24
14-Jan-09,26.51,-200,0,33,50,200,64.58,26.51,842.62
7-Jan-09,29.09,-200,5,40,50,100,51.01,29.09,906.65
31-Dec-08,22.06,-200,0,16,51.25,155,55.14,22.06,903.25
24-Dec-08,24.41,-200,0,10,50,170,55.29,24.41,868.15
17-Dec-08,14.43,-200,0,10,50,140,53.49,14.43,904.42
10-Dec-08,3.68,-200,0,0,22.5,100,49.21,3.68,899.24
3-Dec-08,9.65,-80,0,0,25,200,45.36,9.65,870.74
26-Nov-08,9.67,-200,0,0,25,200,57.85,9.67,887.68
19-Nov-08,11.71,-100,0,0,20,200,43.98,11.71,806.58
12-Nov-08,15.06,-80,0,5,30,200,44.41,15.06,852.3
5-Nov-08,9.62,-200,0,2.5,38.75,100,49.89,9.62,952.77
29-Oct-08,10,-200,0,2.5,40,125,53.88,10,930.09
22-Oct-08,8.37,-200,0,2.5,32.25,100,44.13,8.37,896.78
15-Oct-08,18,-80,0,5,33.5,200,40.55,18,907.84
8-Oct-08,-2.97,-200,0,0,16.25,50,51.28,-2.97,984.94
1-Oct-08,16.27,-100,0,0,33,100,33.41,16.27,1161.06
24-Sep-08,19.11,-125,0,10.5,26.25,200,46.36,19.11,1185.87
17-Sep-08,16.09,-125,0,10,30,200,47.42,16.09,1156.39
10-Sep-08,28.32,-50,0,19.25,50,200,44.25,28.32,1232.04
3-Sep-08,29.92,-200,0,30,50,200,65.07,29.92,1274.98
27-Aug-08,30.03,-50,0,20,50,200,50.18,30.03,1281.66
21-Aug-08,39.76,-50,3.25,29,56,200,50.1,39.76,1277.72
13-Aug-08,33.27,-50,0,20,50,200,53.12,33.27,1285.83
6-Aug-08,18.3,-200,0,20,50,100,52.66,18.3,1289.19
30-Jul-08,12.56,-200,0,20,50,100,61.75,12.56,1284.26
23-Jul-08,13.81,-200,0,20,50,100,57.91,13.81,1282.19
16-Jul-08,10.22,-200,0,5,50,100,51.28,10.22,1245.36
9-Jul-08,2.03,-200,-40,0,45,200,75.85,2.03,1244.69
2-Jul-08,28.03,-50,0,24.5,52.5,200,52.72,28.03,1261.52
25-Jun-08,32,-50,0,25,63.5,200,55.26,32,1321.97
18-Jun-08,44.22,-160,7.5,40,86.25,200,65.08,44.22,1337.81
11-Jun-08,36.46,-200,0,30,85,200,78.83,36.46,1335.49
4-Jun-08,58.15,-125,30,50,100,200,65.79,58.15,1377.2
28-May-08,69.48,-125,40,70,100,200,66.21,69.48,1390.84
21-May-08,68.72,-125,35,75,100,200,65.7,68.72,1390.71
14-May-08,56.41,-200,25,70,100,200,68.46,56.41,1408.66
7-May-08,66.04,-15,50,80,97.5,125,37.8,66.04,1392.57
1-May-08,74.47,0,50,65,90,200,44.96,74.47,1364.71
23-Apr-08,59.27,0,25,50,89.5,200,41.97,59.27,1364.71
16-Apr-08,49.86,-200,25,50,80,200,56.32,49.86,1364.71
9-Apr-08,46.92,-125,30,50,80,200,69.47,46.92,1332.83
2-Apr-08,42.07,-180,10,35,81.25,200,72.95,42.07,1370.4
26-Mar-08,26.69,-200,0,34,50,200,69.09,26.69,1315.22
19-Mar-08,44,0,10,37.5,66.25,200,44.17,44,1329.51
12-Mar-08,45.28,-30,0,20,50,200,63.15,45.28,1288.14
5-Mar-08,38.34,-100,0,35,52.5,200,56.33,38.34,1293.37
27-Feb-08,13.96,-200,7.5,20,67.5,115,82.93,13.96,1330.63
20-Feb-08,33.67,-80,0,22.5,65,200,57.33,33.67,1353.11
13-Feb-08,15.33,-200,0,20,57.5,200,74.68,15.33,1349.99
6-Feb-08,30.89,-200,0,22.5,56.25,200,70.45,30.89,1331.29
30-Jan-08,25.63,-160,0,10,55,200,62.16,25.63,1395.42
23-Jan-08,39.91,-200,0,33.5,75,200,74.04,39.91,1330.61
16-Jan-08,12.92,-200,0,20,50,100,58.39,12.92,1325.19
9-Jan-08,41.45,-200,0,50,85,200,75.14,41.45,1401.02
2-Jan-08,83.55,0,50,70,100,200,55.23,83.55,1411.63
26-Dec-07,74.79,-50,47.5,80,100,200,50.5,74.79,1478.49
19-Dec-07,56.27,-200,22.5,52.5,97.5,200,71.47,56.27,1484.46
12-Dec-07,73.57,-200,50,87.5,100,200,69.02,73.57,1467.95
5-Dec-07,69.43,-90,40,72.5,90,200,60.54,69.43,1504.66
28-Nov-07,51.07,-200,25,57.5,92.5,200,68.93,51.07,1481.14
21-Nov-07,51.04,-70,18.75,46,66.25,200,60.49,51.04,1440.7
14-Nov-07,68.35,0,44,65,98.25,200,40.68,68.35,1458.74
7-Nov-07,84.44,-20,50,80,100,200,52.53,84.44,1453.7
31-Oct-07,65.69,-200,38.75,90,100,200,75.07,65.69,1509.65
24-Oct-07,69.14,-200,50,90,100,200,65.85,69.14,1535.28
17-Oct-07,86.46,-50,75,92.5,100,200,49.21,86.46,1500.63
10-Oct-07,66.43,-125,52.5,90,100,130,56.23,66.43,1561.8
3-Oct-07,75.49,-125,65,90,100,200,61.37,75.49,1557.59
26-Sep-07,77.36,0,60,75,93.75,200,38.19,77.36,1526.75
19-Sep-07,63.5,0,50,57.5,87.5,200,42.41,63.5,1525.75
12-Sep-07,46.55,-125,0,40,85,200,69.6,46.55,1484.25
5-Sep-07,39.63,-50,7.5,40,77.5,100,45.02,39.63,1453.55
29-Aug-07,-2.11,-200,-3.75,5,41.25,100,72.57,-2.11,1473.99
22-Aug-07,38.19,-15,0,22.5,50,200,52.7,38.19,1479.37
15-Aug-07,21.25,-100,0,5,33.75,200,57.03,21.25,1445.94
8-Aug-07,43.82,-50,0,31,70,200,65.1,43.82,1453.64
1-Aug-07,39,-125,0,36,52.5,200,59.66,39,1433.06
25-Jul-07,40.58,-125,0,50,85,200,63.77,40.58,1458.95
18-Jul-07,74.13,0,50,80,94.5,200,45.89,74.13,1534.1
11-Jul-07,62.39,-100,50,75,90,200,51.35,62.39,1530.44
05-יול,56.06,-125,38.75,77.5,91.25,200,60.18,56.06,1552.5
27-Jun-07,74.23,-50,45,77,100,200,55.83,74.23,1503.35
20-Jun-07,61.47,-125,40,85,100,200,67.95,61.47,1502.56
13-Jun-07,53.04,-125,0,75,100,150,65.54,53.04,1532.91
6-Jun-07,57.63,-125,27,80,97.5,200,62.81,57.63,1507.67
30-May-07,80.55,-50,65,90,100,200,48.79,80.55,1536.34
23-May-07,82.5,-125,80.25,90,100,200,53.98,82.5,1515.73
16-May-07,87.38,-125,87.75,100,100,200,51.82,87.38,1522.75
9-May-07,73.83,-125,67.5,97.5,100,117,55.06,73.83,1505.85
2-May-07,82.67,-125,63.75,92,100,200,59.06,82.67,1505.62
25-Apr-07,75.42,-125,80,90,100,200,59,75.42,1494.07
18-Apr-07,54.14,-200,38,80,100,112,69.28,54.14,1484.35
11-Apr-07,59.32,-125,50,66,90,200,57.83,59.32,1452.85
4-Apr-07,45.65,-125,21,57.5,87.5,200,64.54,45.65,1443.76
28-Mar-07,44.54,-120,16,47.5,82.5,200,61.63,44.54,1420.86
21-Mar-07,47.7,-100,21.5,40,85,200,54.91,47.7,1436.11
14-Mar-07,38.05,-150,24,45,90,100,68.64,38.05,1386.95
7-Mar-07,52.4,-75,30,50,90,150,48.6,52.4,1402.84
28-Feb-07,89.33,-100,85,100,100,200,53.73,89.33,1387.17
21-Feb-07,73.68,-150,61.5,90,100,118,52.76,73.68,1451.19
14-Feb-07,79.09,-100,67.5,92.5,100,200,55.65,79.09,1455.54
7-Feb-07,82,-50,62.5,90,100,200,45.93,82,1438.06
31-Jan-07,80.75,-50,62.5,87.5,100,200,49.38,80.75,1448.39
24-Jan-07,72.59,-50,52.5,85,100,125,42.72,72.59,1422.18
17-Jan-07,84.89,0,68,100,100,112,27.9,84.89,1430.5
10-Jan-07,58.88,-150,50,81.5,100,125,65.21,58.88,1430.73
3-Jan-07,100.05,50,85,100,108,200,32.24,100.05,1409.71
27-Dec-06,85.17,-30,79,100,100,150,35.21,85.17,1418.3
20-Dec-06,92.91,50,83.5,100,100,150,22.35,92.91,1410.76
13-Dec-06,93,50,85,100,100,125,19.42,93,1427.09
6-Dec-06,74.73,-150,75.75,100,100,125,58.03,74.73,1409.84
29-Nov-06,86.67,-25,72.5,100,100,150,38.41,86.67,1396.71
22-Nov-06,92.43,50,80,100,100,150,20.82,92.43,1400.95
15-Nov-06,68.1,-150,56,89,100,150,61.3,68.1,1401.2
8-Nov-06,73.96,-50,53,90,100,150,46.65,73.96,1380.9
1-Nov-06,80.96,-100,68.75,90,100,200,53.86,80.96,1364.3
25-Oct-06,80.16,-100,70,90,100,200,53.12,80.16,1377.34
18-Oct-06,84.41,-20,77.5,95,100,150,33.22,84.41,1368.6
11-Oct-06,60.09,-125,50,82.5,100,120,59.83,60.09,1365.62
4-Oct-06,69.7,-100,50,88,100,175,59.4,69.7,1349.59
27-Sep-06,49.9,-125,45,50,90,123,55.81,49.9,1335.85
20-Sep-06,78,20,50,82.5,100,150,31.26,78,1314.78
13-Sep-06,45.8,-100,15,50,85,150,56.23,45.8,1319.66
6-Sep-06,49.38,-70,50,60,90,100,50.37,49.38,1298.92
30-Aug-06,42.1,-60,0,50,75,100,45.17,42.1,1311.01
23-Aug-06,42.1,-60,0,50,75,100,45.17,42.1,1295.09
16-Aug-06,38.6,-100,0,50,75,150,56.52,38.6,1302.3
9-Aug-06,45.02,-100,31.25,50,58.75,150,47.48,45.02,1266.74
2-Aug-06,44.23,-50,21.25,50,53.75,175,43.69,44.23,1279.36
26-Jul-06,17.38,-50,0,15,50,100,33.78,17.38,1278.55
19-Jul-06,18.76,-100,0,25,50,100,38.17,18.76,1240.29
12-Jul-06,31.2,-50,0,25,50,150,47.84,31.2,1236.2
5-Jul-06,19.44,-100,0,20,50,100,55.55,19.44,1265.48
12/7/2006,31.2,-50,0,25,50,150,47.84,31.2,1236.2
5/7/2006,19.44,-100,0,20,50,100,55.55,19.44,1265.48
